num_records,time,formula,seed,best_loss,num_items,epochs_run,dataset,python_version,torch_version,torch_choice_version,device,data_path,output_path,experiment_name,num_seeds,num_epochs,learning_rate,batch_size,cpu_name,cpu_count,gpu_name,run_date,task
30000,16.712454319000244,(user_latents|item) + (item_latents|constant),0,59581.3828125,10,1707,"ChoiceDataset(num_items=10, num_users=500, num_sessions=30000, label=[], item_index=[30000], user_index=[30000], session_index=[30000], item_availability=[], user_latents=[500, 30], item_latents=[10, 30], device=cuda:0)","3.9.15 (main, Nov 24 2022, 14:31:59) 
[GCC 11.2.0]",2.5.1+cu124,1.0.6,cuda,/home/tianyudu/Development/torch-choice/paper_performance_benchmarks/torch_choice_benchmark_data_totally_synthetic,./benchmark_results_aurora_20250428,all,5,50000,0.03,-1,x86_64,16,NVIDIA GeForce RTX 3090,2025-04-28,num_items_experiment_large
30000,34.4791464805603,(user_latents|item) + (item_latents|constant),0,31905.921875,20,3449,"ChoiceDataset(num_items=20, num_users=500, num_sessions=30000, label=[], item_index=[30000], user_index=[30000], session_index=[30000], item_availability=[], user_latents=[500, 30], item_latents=[20, 30], device=cuda:0)","3.9.15 (main, Nov 24 2022, 14:31:59) 
[GCC 11.2.0]",2.5.1+cu124,1.0.6,cuda,/home/tianyudu/Development/torch-choice/paper_performance_benchmarks/torch_choice_benchmark_data_totally_synthetic,./benchmark_results_aurora_20250428,all,5,50000,0.03,-1,x86_64,16,NVIDIA GeForce RTX 3090,2025-04-28,num_items_experiment_large
30000,22.701553106307983,(user_latents|item) + (item_latents|constant),0,41626.9921875,30,2233,"ChoiceDataset(num_items=30, num_users=500, num_sessions=30000, label=[], item_index=[30000], user_index=[30000], session_index=[30000], item_availability=[], user_latents=[500, 30], item_latents=[30, 30], device=cuda:0)","3.9.15 (main, Nov 24 2022, 14:31:59) 
[GCC 11.2.0]",2.5.1+cu124,1.0.6,cuda,/home/tianyudu/Development/torch-choice/paper_performance_benchmarks/torch_choice_benchmark_data_totally_synthetic,./benchmark_results_aurora_20250428,all,5,50000,0.03,-1,x86_64,16,NVIDIA GeForce RTX 3090,2025-04-28,num_items_experiment_large
30000,31.163406372070312,(user_latents|item) + (item_latents|constant),0,60800.23828125,50,2949,"ChoiceDataset(num_items=50, num_users=500, num_sessions=30000, label=[], item_index=[30000], user_index=[30000], session_index=[30000], item_availability=[], user_latents=[500, 30], item_latents=[50, 30], device=cuda:0)","3.9.15 (main, Nov 24 2022, 14:31:59) 
[GCC 11.2.0]",2.5.1+cu124,1.0.6,cuda,/home/tianyudu/Development/torch-choice/paper_performance_benchmarks/torch_choice_benchmark_data_totally_synthetic,./benchmark_results_aurora_20250428,all,5,50000,0.03,-1,x86_64,16,NVIDIA GeForce RTX 3090,2025-04-28,num_items_experiment_large
30000,37.32439398765564,(user_latents|item) + (item_latents|constant),0,78702.2734375,100,3234,"ChoiceDataset(num_items=100, num_users=500, num_sessions=30000, label=[], item_index=[30000], user_index=[30000], session_index=[30000], item_availability=[], user_latents=[500, 30], item_latents=[100, 30], device=cuda:0)","3.9.15 (main, Nov 24 2022, 14:31:59) 
[GCC 11.2.0]",2.5.1+cu124,1.0.6,cuda,/home/tianyudu/Development/torch-choice/paper_performance_benchmarks/torch_choice_benchmark_data_totally_synthetic,./benchmark_results_aurora_20250428,all,5,50000,0.03,-1,x86_64,16,NVIDIA GeForce RTX 3090,2025-04-28,num_items_experiment_large
30000,36.272483825683594,(user_latents|item) + (item_latents|constant),0,92178.3671875,150,2903,"ChoiceDataset(num_items=150, num_users=500, num_sessions=30000, label=[], item_index=[30000], user_index=[30000], session_index=[30000], item_availability=[], user_latents=[500, 30], item_latents=[150, 30], device=cuda:0)","3.9.15 (main, Nov 24 2022, 14:31:59) 
[GCC 11.2.0]",2.5.1+cu124,1.0.6,cuda,/home/tianyudu/Development/torch-choice/paper_performance_benchmarks/torch_choice_benchmark_data_totally_synthetic,./benchmark_results_aurora_20250428,all,5,50000,0.03,-1,x86_64,16,NVIDIA GeForce RTX 3090,2025-04-28,num_items_experiment_large
30000,32.4792697429657,(user_latents|item) + (item_latents|constant),0,102752.8828125,200,2394,"ChoiceDataset(num_items=200, num_users=500, num_sessions=30000, label=[], item_index=[30000], user_index=[30000], session_index=[30000], item_availability=[], user_latents=[500, 30], item_latents=[200, 30], device=cuda:0)","3.9.15 (main, Nov 24 2022, 14:31:59) 
[GCC 11.2.0]",2.5.1+cu124,1.0.6,cuda,/home/tianyudu/Development/torch-choice/paper_performance_benchmarks/torch_choice_benchmark_data_totally_synthetic,./benchmark_results_aurora_20250428,all,5,50000,0.03,-1,x86_64,16,NVIDIA GeForce RTX 3090,2025-04-28,num_items_experiment_large
30000,40.44365978240967,(user_latents|item) + (item_latents|constant),0,107811.1484375,250,2720,"ChoiceDataset(num_items=250, num_users=500, num_sessions=30000, label=[], item_index=[30000], user_index=[30000], session_index=[30000], item_availability=[], user_latents=[500, 30], item_latents=[250, 30], device=cuda:0)","3.9.15 (main, Nov 24 2022, 14:31:59) 
[GCC 11.2.0]",2.5.1+cu124,1.0.6,cuda,/home/tianyudu/Development/torch-choice/paper_performance_benchmarks/torch_choice_benchmark_data_totally_synthetic,./benchmark_results_aurora_20250428,all,5,50000,0.03,-1,x86_64,16,NVIDIA GeForce RTX 3090,2025-04-28,num_items_experiment_large
30000,46.98294377326965,(user_latents|item) + (item_latents|constant),0,110815.078125,300,2785,"ChoiceDataset(num_items=300, num_users=500, num_sessions=30000, label=[], item_index=[30000], user_index=[30000], session_index=[30000], item_availability=[], user_latents=[500, 30], item_latents=[300, 30], device=cuda:0)","3.9.15 (main, Nov 24 2022, 14:31:59) 
[GCC 11.2.0]",2.5.1+cu124,1.0.6,cuda,/home/tianyudu/Development/torch-choice/paper_performance_benchmarks/torch_choice_benchmark_data_totally_synthetic,./benchmark_results_aurora_20250428,all,5,50000,0.03,-1,x86_64,16,NVIDIA GeForce RTX 3090,2025-04-28,num_items_experiment_large
30000,59.094791889190674,(user_latents|item) + (item_latents|constant),0,118343.578125,350,3084,"ChoiceDataset(num_items=350, num_users=500, num_sessions=30000, label=[], item_index=[30000], user_index=[30000], session_index=[30000], item_availability=[], user_latents=[500, 30], item_latents=[350, 30], device=cuda:0)","3.9.15 (main, Nov 24 2022, 14:31:59) 
[GCC 11.2.0]",2.5.1+cu124,1.0.6,cuda,/home/tianyudu/Development/torch-choice/paper_performance_benchmarks/torch_choice_benchmark_data_totally_synthetic,./benchmark_results_aurora_20250428,all,5,50000,0.03,-1,x86_64,16,NVIDIA GeForce RTX 3090,2025-04-28,num_items_experiment_large
30000,65.14026165008545,(user_latents|item) + (item_latents|constant),0,124180.4375,400,3047,"ChoiceDataset(num_items=400, num_users=500, num_sessions=30000, label=[], item_index=[30000], user_index=[30000], session_index=[30000], item_availability=[], user_latents=[500, 30], item_latents=[400, 30], device=cuda:0)","3.9.15 (main, Nov 24 2022, 14:31:59) 
[GCC 11.2.0]",2.5.1+cu124,1.0.6,cuda,/home/tianyudu/Development/torch-choice/paper_performance_benchmarks/torch_choice_benchmark_data_totally_synthetic,./benchmark_results_aurora_20250428,all,5,50000,0.03,-1,x86_64,16,NVIDIA GeForce RTX 3090,2025-04-28,num_items_experiment_large
30000,59.857776165008545,(user_latents|item) + (item_latents|constant),0,129183.09375,450,2459,"ChoiceDataset(num_items=450, num_users=500, num_sessions=30000, label=[], item_index=[30000], user_index=[30000], session_index=[30000], item_availability=[], user_latents=[500, 30], item_latents=[450, 30], device=cuda:0)","3.9.15 (main, Nov 24 2022, 14:31:59) 
[GCC 11.2.0]",2.5.1+cu124,1.0.6,cuda,/home/tianyudu/Development/torch-choice/paper_performance_benchmarks/torch_choice_benchmark_data_totally_synthetic,./benchmark_results_aurora_20250428,all,5,50000,0.03,-1,x86_64,16,NVIDIA GeForce RTX 3090,2025-04-28,num_items_experiment_large
30000,77.28823733329773,(user_latents|item) + (item_latents|constant),0,129290.4921875,500,2883,"ChoiceDataset(num_items=500, num_users=500, num_sessions=30000, label=[], item_index=[30000], user_index=[30000], session_index=[30000], item_availability=[], user_latents=[500, 30], item_latents=[500, 30], device=cuda:0)","3.9.15 (main, Nov 24 2022, 14:31:59) 
[GCC 11.2.0]",2.5.1+cu124,1.0.6,cuda,/home/tianyudu/Development/torch-choice/paper_performance_benchmarks/torch_choice_benchmark_data_totally_synthetic,./benchmark_results_aurora_20250428,all,5,50000,0.03,-1,x86_64,16,NVIDIA GeForce RTX 3090,2025-04-28,num_items_experiment_large
30000,24.540071964263916,(user_latents|item),0,59595.9453125,10,2546,"ChoiceDataset(num_items=10, num_users=500, num_sessions=30000, label=[], item_index=[30000], user_index=[30000], session_index=[30000], item_availability=[], user_latents=[500, 30], item_latents=[10, 30], device=cuda:0)","3.9.15 (main, Nov 24 2022, 14:31:59) 
[GCC 11.2.0]",2.5.1+cu124,1.0.6,cuda,/home/tianyudu/Development/torch-choice/paper_performance_benchmarks/torch_choice_benchmark_data_totally_synthetic,./benchmark_results_aurora_20250428,all,5,50000,0.03,-1,x86_64,16,NVIDIA GeForce RTX 3090,2025-04-28,num_items_experiment_large
30000,32.757352113723755,(user_latents|item),0,31899.90625,20,3361,"ChoiceDataset(num_items=20, num_users=500, num_sessions=30000, label=[], item_index=[30000], user_index=[30000], session_index=[30000], item_availability=[], user_latents=[500, 30], item_latents=[20, 30], device=cuda:0)","3.9.15 (main, Nov 24 2022, 14:31:59) 
[GCC 11.2.0]",2.5.1+cu124,1.0.6,cuda,/home/tianyudu/Development/torch-choice/paper_performance_benchmarks/torch_choice_benchmark_data_totally_synthetic,./benchmark_results_aurora_20250428,all,5,50000,0.03,-1,x86_64,16,NVIDIA GeForce RTX 3090,2025-04-28,num_items_experiment_large
30000,26.451639890670776,(user_latents|item),0,41650.28515625,30,2671,"ChoiceDataset(num_items=30, num_users=500, num_sessions=30000, label=[], item_index=[30000], user_index=[30000], session_index=[30000], item_availability=[], user_latents=[500, 30], item_latents=[30, 30], device=cuda:0)","3.9.15 (main, Nov 24 2022, 14:31:59) 
[GCC 11.2.0]",2.5.1+cu124,1.0.6,cuda,/home/tianyudu/Development/torch-choice/paper_performance_benchmarks/torch_choice_benchmark_data_totally_synthetic,./benchmark_results_aurora_20250428,all,5,50000,0.03,-1,x86_64,16,NVIDIA GeForce RTX 3090,2025-04-28,num_items_experiment_large
30000,35.2032368183136,(user_latents|item),0,60788.234375,50,3507,"ChoiceDataset(num_items=50, num_users=500, num_sessions=30000, label=[], item_index=[30000], user_index=[30000], session_index=[30000], item_availability=[], user_latents=[500, 30], item_latents=[50, 30], device=cuda:0)","3.9.15 (main, Nov 24 2022, 14:31:59) 
[GCC 11.2.0]",2.5.1+cu124,1.0.6,cuda,/home/tianyudu/Development/torch-choice/paper_performance_benchmarks/torch_choice_benchmark_data_totally_synthetic,./benchmark_results_aurora_20250428,all,5,50000,0.03,-1,x86_64,16,NVIDIA GeForce RTX 3090,2025-04-28,num_items_experiment_large
30000,34.543092250823975,(user_latents|item),0,78728.859375,100,3251,"ChoiceDataset(num_items=100, num_users=500, num_sessions=30000, label=[], item_index=[30000], user_index=[30000], session_index=[30000], item_availability=[], user_latents=[500, 30], item_latents=[100, 30], device=cuda:0)","3.9.15 (main, Nov 24 2022, 14:31:59) 
[GCC 11.2.0]",2.5.1+cu124,1.0.6,cuda,/home/tianyudu/Development/torch-choice/paper_performance_benchmarks/torch_choice_benchmark_data_totally_synthetic,./benchmark_results_aurora_20250428,all,5,50000,0.03,-1,x86_64,16,NVIDIA GeForce RTX 3090,2025-04-28,num_items_experiment_large
30000,32.76179623603821,(user_latents|item),0,92192.765625,150,2926,"ChoiceDataset(num_items=150, num_users=500, num_sessions=30000, label=[], item_index=[30000], user_index=[30000], session_index=[30000], item_availability=[], user_latents=[500, 30], item_latents=[150, 30], device=cuda:0)","3.9.15 (main, Nov 24 2022, 14:31:59) 
[GCC 11.2.0]",2.5.1+cu124,1.0.6,cuda,/home/tianyudu/Development/torch-choice/paper_performance_benchmarks/torch_choice_benchmark_data_totally_synthetic,./benchmark_results_aurora_20250428,all,5,50000,0.03,-1,x86_64,16,NVIDIA GeForce RTX 3090,2025-04-28,num_items_experiment_large
30000,36.77877449989319,(user_latents|item),0,102688.3515625,200,3121,"ChoiceDataset(num_items=200, num_users=500, num_sessions=30000, label=[], item_index=[30000], user_index=[30000], session_index=[30000], item_availability=[], user_latents=[500, 30], item_latents=[200, 30], device=cuda:0)","3.9.15 (main, Nov 24 2022, 14:31:59) 
[GCC 11.2.0]",2.5.1+cu124,1.0.6,cuda,/home/tianyudu/Development/torch-choice/paper_performance_benchmarks/torch_choice_benchmark_data_totally_synthetic,./benchmark_results_aurora_20250428,all,5,50000,0.03,-1,x86_64,16,NVIDIA GeForce RTX 3090,2025-04-28,num_items_experiment_large
30000,38.44914269447327,(user_latents|item),0,107661.6875,250,3133,"ChoiceDataset(num_items=250, num_users=500, num_sessions=30000, label=[], item_index=[30000], user_index=[30000], session_index=[30000], item_availability=[], user_latents=[500, 30], item_latents=[250, 30], device=cuda:0)","3.9.15 (main, Nov 24 2022, 14:31:59) 
[GCC 11.2.0]",2.5.1+cu124,1.0.6,cuda,/home/tianyudu/Development/torch-choice/paper_performance_benchmarks/torch_choice_benchmark_data_totally_synthetic,./benchmark_results_aurora_20250428,all,5,50000,0.03,-1,x86_64,16,NVIDIA GeForce RTX 3090,2025-04-28,num_items_experiment_large
30000,37.401145935058594,(user_latents|item),0,110801.265625,300,2916,"ChoiceDataset(num_items=300, num_users=500, num_sessions=30000, label=[], item_index=[30000], user_index=[30000], session_index=[30000], item_availability=[], user_latents=[500, 30], item_latents=[300, 30], device=cuda:0)","3.9.15 (main, Nov 24 2022, 14:31:59) 
[GCC 11.2.0]",2.5.1+cu124,1.0.6,cuda,/home/tianyudu/Development/torch-choice/paper_performance_benchmarks/torch_choice_benchmark_data_totally_synthetic,./benchmark_results_aurora_20250428,all,5,50000,0.03,-1,x86_64,16,NVIDIA GeForce RTX 3090,2025-04-28,num_items_experiment_large
30000,41.325432538986206,(user_latents|item),0,118249.171875,350,3045,"ChoiceDataset(num_items=350, num_users=500, num_sessions=30000, label=[], item_index=[30000], user_index=[30000], session_index=[30000], item_availability=[], user_latents=[500, 30], item_latents=[350, 30], device=cuda:0)","3.9.15 (main, Nov 24 2022, 14:31:59) 
[GCC 11.2.0]",2.5.1+cu124,1.0.6,cuda,/home/tianyudu/Development/torch-choice/paper_performance_benchmarks/torch_choice_benchmark_data_totally_synthetic,./benchmark_results_aurora_20250428,all,5,50000,0.03,-1,x86_64,16,NVIDIA GeForce RTX 3090,2025-04-28,num_items_experiment_large
30000,40.28040409088135,(user_latents|item),0,124186.078125,400,2842,"ChoiceDataset(num_items=400, num_users=500, num_sessions=30000, label=[], item_index=[30000], user_index=[30000], session_index=[30000], item_availability=[], user_latents=[500, 30], item_latents=[400, 30], device=cuda:0)","3.9.15 (main, Nov 24 2022, 14:31:59) 
[GCC 11.2.0]",2.5.1+cu124,1.0.6,cuda,/home/tianyudu/Development/torch-choice/paper_performance_benchmarks/torch_choice_benchmark_data_totally_synthetic,./benchmark_results_aurora_20250428,all,5,50000,0.03,-1,x86_64,16,NVIDIA GeForce RTX 3090,2025-04-28,num_items_experiment_large
30000,45.72101187705994,(user_latents|item),0,129102.5390625,450,3067,"ChoiceDataset(num_items=450, num_users=500, num_sessions=30000, label=[], item_index=[30000], user_index=[30000], session_index=[30000], item_availability=[], user_latents=[500, 30], item_latents=[450, 30], device=cuda:0)","3.9.15 (main, Nov 24 2022, 14:31:59) 
[GCC 11.2.0]",2.5.1+cu124,1.0.6,cuda,/home/tianyudu/Development/torch-choice/paper_performance_benchmarks/torch_choice_benchmark_data_totally_synthetic,./benchmark_results_aurora_20250428,all,5,50000,0.03,-1,x86_64,16,NVIDIA GeForce RTX 3090,2025-04-28,num_items_experiment_large
30000,53.31251811981201,(user_latents|item),0,129245.6953125,500,3399,"ChoiceDataset(num_items=500, num_users=500, num_sessions=30000, label=[], item_index=[30000], user_index=[30000], session_index=[30000], item_availability=[], user_latents=[500, 30], item_latents=[500, 30], device=cuda:0)","3.9.15 (main, Nov 24 2022, 14:31:59) 
[GCC 11.2.0]",2.5.1+cu124,1.0.6,cuda,/home/tianyudu/Development/torch-choice/paper_performance_benchmarks/torch_choice_benchmark_data_totally_synthetic,./benchmark_results_aurora_20250428,all,5,50000,0.03,-1,x86_64,16,NVIDIA GeForce RTX 3090,2025-04-28,num_items_experiment_large
30000,5.916463136672974,(item_latents|constant),0,65203.5625,10,611,"ChoiceDataset(num_items=10, num_users=500, num_sessions=30000, label=[], item_index=[30000], user_index=[30000], session_index=[30000], item_availability=[], user_latents=[500, 30], item_latents=[10, 30], device=cuda:0)","3.9.15 (main, Nov 24 2022, 14:31:59) 
[GCC 11.2.0]",2.5.1+cu124,1.0.6,cuda,/home/tianyudu/Development/torch-choice/paper_performance_benchmarks/torch_choice_benchmark_data_totally_synthetic,./benchmark_results_aurora_20250428,all,5,50000,0.03,-1,x86_64,16,NVIDIA GeForce RTX 3090,2025-04-28,num_items_experiment_large
30000,36.69351029396057,(item_latents|constant),0,47038.79296875,20,3811,"ChoiceDataset(num_items=20, num_users=500, num_sessions=30000, label=[], item_index=[30000], user_index=[30000], session_index=[30000], item_availability=[], user_latents=[500, 30], item_latents=[20, 30], device=cuda:0)","3.9.15 (main, Nov 24 2022, 14:31:59) 
[GCC 11.2.0]",2.5.1+cu124,1.0.6,cuda,/home/tianyudu/Development/torch-choice/paper_performance_benchmarks/torch_choice_benchmark_data_totally_synthetic,./benchmark_results_aurora_20250428,all,5,50000,0.03,-1,x86_64,16,NVIDIA GeForce RTX 3090,2025-04-28,num_items_experiment_large
30000,68.90309405326843,(item_latents|constant),0,63252.1171875,30,7060,"ChoiceDataset(num_items=30, num_users=500, num_sessions=30000, label=[], item_index=[30000], user_index=[30000], session_index=[30000], item_availability=[], user_latents=[500, 30], item_latents=[30, 30], device=cuda:0)","3.9.15 (main, Nov 24 2022, 14:31:59) 
[GCC 11.2.0]",2.5.1+cu124,1.0.6,cuda,/home/tianyudu/Development/torch-choice/paper_performance_benchmarks/torch_choice_benchmark_data_totally_synthetic,./benchmark_results_aurora_20250428,all,5,50000,0.03,-1,x86_64,16,NVIDIA GeForce RTX 3090,2025-04-28,num_items_experiment_large
30000,32.388916015625,(item_latents|constant),0,83093.84375,50,3269,"ChoiceDataset(num_items=50, num_users=500, num_sessions=30000, label=[], item_index=[30000], user_index=[30000], session_index=[30000], item_availability=[], user_latents=[500, 30], item_latents=[50, 30], device=cuda:0)","3.9.15 (main, Nov 24 2022, 14:31:59) 
[GCC 11.2.0]",2.5.1+cu124,1.0.6,cuda,/home/tianyudu/Development/torch-choice/paper_performance_benchmarks/torch_choice_benchmark_data_totally_synthetic,./benchmark_results_aurora_20250428,all,5,50000,0.03,-1,x86_64,16,NVIDIA GeForce RTX 3090,2025-04-28,num_items_experiment_large
30000,23.288676261901855,(item_latents|constant),0,106751.921875,100,2245,"ChoiceDataset(num_items=100, num_users=500, num_sessions=30000, label=[], item_index=[30000], user_index=[30000], session_index=[30000], item_availability=[], user_latents=[500, 30], item_latents=[100, 30], device=cuda:0)","3.9.15 (main, Nov 24 2022, 14:31:59) 
[GCC 11.2.0]",2.5.1+cu124,1.0.6,cuda,/home/tianyudu/Development/torch-choice/paper_performance_benchmarks/torch_choice_benchmark_data_totally_synthetic,./benchmark_results_aurora_20250428,all,5,50000,0.03,-1,x86_64,16,NVIDIA GeForce RTX 3090,2025-04-28,num_items_experiment_large
30000,19.663036346435547,(item_latents|constant),0,125412.0234375,150,1817,"ChoiceDataset(num_items=150, num_users=500, num_sessions=30000, label=[], item_index=[30000], user_index=[30000], session_index=[30000], item_availability=[], user_latents=[500, 30], item_latents=[150, 30], device=cuda:0)","3.9.15 (main, Nov 24 2022, 14:31:59) 
[GCC 11.2.0]",2.5.1+cu124,1.0.6,cuda,/home/tianyudu/Development/torch-choice/paper_performance_benchmarks/torch_choice_benchmark_data_totally_synthetic,./benchmark_results_aurora_20250428,all,5,50000,0.03,-1,x86_64,16,NVIDIA GeForce RTX 3090,2025-04-28,num_items_experiment_large
30000,19.933823108673096,(item_latents|constant),0,139843.0,200,1771,"ChoiceDataset(num_items=200, num_users=500, num_sessions=30000, label=[], item_index=[30000], user_index=[30000], session_index=[30000], item_availability=[], user_latents=[500, 30], item_latents=[200, 30], device=cuda:0)","3.9.15 (main, Nov 24 2022, 14:31:59) 
[GCC 11.2.0]",2.5.1+cu124,1.0.6,cuda,/home/tianyudu/Development/torch-choice/paper_performance_benchmarks/torch_choice_benchmark_data_totally_synthetic,./benchmark_results_aurora_20250428,all,5,50000,0.03,-1,x86_64,16,NVIDIA GeForce RTX 3090,2025-04-28,num_items_experiment_large
30000,18.75964045524597,(item_latents|constant),0,148824.59375,250,1589,"ChoiceDataset(num_items=250, num_users=500, num_sessions=30000, label=[], item_index=[30000], user_index=[30000], session_index=[30000], item_availability=[], user_latents=[500, 30], item_latents=[250, 30], device=cuda:0)","3.9.15 (main, Nov 24 2022, 14:31:59) 
[GCC 11.2.0]",2.5.1+cu124,1.0.6,cuda,/home/tianyudu/Development/torch-choice/paper_performance_benchmarks/torch_choice_benchmark_data_totally_synthetic,./benchmark_results_aurora_20250428,all,5,50000,0.03,-1,x86_64,16,NVIDIA GeForce RTX 3090,2025-04-28,num_items_experiment_large
30000,17.328040599822998,(item_latents|constant),0,158905.53125,300,1417,"ChoiceDataset(num_items=300, num_users=500, num_sessions=30000, label=[], item_index=[30000], user_index=[30000], session_index=[30000], item_availability=[], user_latents=[500, 30], item_latents=[300, 30], device=cuda:0)","3.9.15 (main, Nov 24 2022, 14:31:59) 
[GCC 11.2.0]",2.5.1+cu124,1.0.6,cuda,/home/tianyudu/Development/torch-choice/paper_performance_benchmarks/torch_choice_benchmark_data_totally_synthetic,./benchmark_results_aurora_20250428,all,5,50000,0.03,-1,x86_64,16,NVIDIA GeForce RTX 3090,2025-04-28,num_items_experiment_large
30000,17.492494106292725,(item_latents|constant),0,165066.9375,350,1395,"ChoiceDataset(num_items=350, num_users=500, num_sessions=30000, label=[], item_index=[30000], user_index=[30000], session_index=[30000], item_availability=[], user_latents=[500, 30], item_latents=[350, 30], device=cuda:0)","3.9.15 (main, Nov 24 2022, 14:31:59) 
[GCC 11.2.0]",2.5.1+cu124,1.0.6,cuda,/home/tianyudu/Development/torch-choice/paper_performance_benchmarks/torch_choice_benchmark_data_totally_synthetic,./benchmark_results_aurora_20250428,all,5,50000,0.03,-1,x86_64,16,NVIDIA GeForce RTX 3090,2025-04-28,num_items_experiment_large
30000,17.615311861038208,(item_latents|constant),0,169950.84375,400,1345,"ChoiceDataset(num_items=400, num_users=500, num_sessions=30000, label=[], item_index=[30000], user_index=[30000], session_index=[30000], item_availability=[], user_latents=[500, 30], item_latents=[400, 30], device=cuda:0)","3.9.15 (main, Nov 24 2022, 14:31:59) 
[GCC 11.2.0]",2.5.1+cu124,1.0.6,cuda,/home/tianyudu/Development/torch-choice/paper_performance_benchmarks/torch_choice_benchmark_data_totally_synthetic,./benchmark_results_aurora_20250428,all,5,50000,0.03,-1,x86_64,16,NVIDIA GeForce RTX 3090,2025-04-28,num_items_experiment_large
30000,17.271061897277832,(item_latents|constant),0,174794.46875,450,1264,"ChoiceDataset(num_items=450, num_users=500, num_sessions=30000, label=[], item_index=[30000], user_index=[30000], session_index=[30000], item_availability=[], user_latents=[500, 30], item_latents=[450, 30], device=cuda:0)","3.9.15 (main, Nov 24 2022, 14:31:59) 
[GCC 11.2.0]",2.5.1+cu124,1.0.6,cuda,/home/tianyudu/Development/torch-choice/paper_performance_benchmarks/torch_choice_benchmark_data_totally_synthetic,./benchmark_results_aurora_20250428,all,5,50000,0.03,-1,x86_64,16,NVIDIA GeForce RTX 3090,2025-04-28,num_items_experiment_large
30000,18.141087770462036,(item_latents|constant),0,178015.5625,500,1285,"ChoiceDataset(num_items=500, num_users=500, num_sessions=30000, label=[], item_index=[30000], user_index=[30000], session_index=[30000], item_availability=[], user_latents=[500, 30], item_latents=[500, 30], device=cuda:0)","3.9.15 (main, Nov 24 2022, 14:31:59) 
[GCC 11.2.0]",2.5.1+cu124,1.0.6,cuda,/home/tianyudu/Development/torch-choice/paper_performance_benchmarks/torch_choice_benchmark_data_totally_synthetic,./benchmark_results_aurora_20250428,all,5,50000,0.03,-1,x86_64,16,NVIDIA GeForce RTX 3090,2025-04-28,num_items_experiment_large
30000,16.471715450286865,(user_latents|item) + (item_latents|constant),1,59587.3046875,10,1676,"ChoiceDataset(num_items=10, num_users=500, num_sessions=30000, label=[], item_index=[30000], user_index=[30000], session_index=[30000], item_availability=[], user_latents=[500, 30], item_latents=[10, 30], device=cuda:0)","3.9.15 (main, Nov 24 2022, 14:31:59) 
[GCC 11.2.0]",2.5.1+cu124,1.0.6,cuda,/home/tianyudu/Development/torch-choice/paper_performance_benchmarks/torch_choice_benchmark_data_totally_synthetic,./benchmark_results_aurora_20250428,all,5,50000,0.03,-1,x86_64,16,NVIDIA GeForce RTX 3090,2025-04-28,num_items_experiment_large
30000,29.216274976730347,(user_latents|item) + (item_latents|constant),1,31912.466796875,20,2915,"ChoiceDataset(num_items=20, num_users=500, num_sessions=30000, label=[], item_index=[30000], user_index=[30000], session_index=[30000], item_availability=[], user_latents=[500, 30], item_latents=[20, 30], device=cuda:0)","3.9.15 (main, Nov 24 2022, 14:31:59) 
[GCC 11.2.0]",2.5.1+cu124,1.0.6,cuda,/home/tianyudu/Development/torch-choice/paper_performance_benchmarks/torch_choice_benchmark_data_totally_synthetic,./benchmark_results_aurora_20250428,all,5,50000,0.03,-1,x86_64,16,NVIDIA GeForce RTX 3090,2025-04-28,num_items_experiment_large
30000,30.284941911697388,(user_latents|item) + (item_latents|constant),1,41634.5625,30,2972,"ChoiceDataset(num_items=30, num_users=500, num_sessions=30000, label=[], item_index=[30000], user_index=[30000], session_index=[30000], item_availability=[], user_latents=[500, 30], item_latents=[30, 30], device=cuda:0)","3.9.15 (main, Nov 24 2022, 14:31:59) 
[GCC 11.2.0]",2.5.1+cu124,1.0.6,cuda,/home/tianyudu/Development/torch-choice/paper_performance_benchmarks/torch_choice_benchmark_data_totally_synthetic,./benchmark_results_aurora_20250428,all,5,50000,0.03,-1,x86_64,16,NVIDIA GeForce RTX 3090,2025-04-28,num_items_experiment_large
30000,31.425729036331177,(user_latents|item) + (item_latents|constant),1,60784.78125,50,2969,"ChoiceDataset(num_items=50, num_users=500, num_sessions=30000, label=[], item_index=[30000], user_index=[30000], session_index=[30000], item_availability=[], user_latents=[500, 30], item_latents=[50, 30], device=cuda:0)","3.9.15 (main, Nov 24 2022, 14:31:59) 
[GCC 11.2.0]",2.5.1+cu124,1.0.6,cuda,/home/tianyudu/Development/torch-choice/paper_performance_benchmarks/torch_choice_benchmark_data_totally_synthetic,./benchmark_results_aurora_20250428,all,5,50000,0.03,-1,x86_64,16,NVIDIA GeForce RTX 3090,2025-04-28,num_items_experiment_large
30000,23.601319551467896,(user_latents|item) + (item_latents|constant),1,78690.953125,100,2043,"ChoiceDataset(num_items=100, num_users=500, num_sessions=30000, label=[], item_index=[30000], user_index=[30000], session_index=[30000], item_availability=[], user_latents=[500, 30], item_latents=[100, 30], device=cuda:0)","3.9.15 (main, Nov 24 2022, 14:31:59) 
[GCC 11.2.0]",2.5.1+cu124,1.0.6,cuda,/home/tianyudu/Development/torch-choice/paper_performance_benchmarks/torch_choice_benchmark_data_totally_synthetic,./benchmark_results_aurora_20250428,all,5,50000,0.03,-1,x86_64,16,NVIDIA GeForce RTX 3090,2025-04-28,num_items_experiment_large
30000,33.0250768661499,(user_latents|item) + (item_latents|constant),1,92157.4375,150,2642,"ChoiceDataset(num_items=150, num_users=500, num_sessions=30000, label=[], item_index=[30000], user_index=[30000], session_index=[30000], item_availability=[], user_latents=[500, 30], item_latents=[150, 30], device=cuda:0)","3.9.15 (main, Nov 24 2022, 14:31:59) 
[GCC 11.2.0]",2.5.1+cu124,1.0.6,cuda,/home/tianyudu/Development/torch-choice/paper_performance_benchmarks/torch_choice_benchmark_data_totally_synthetic,./benchmark_results_aurora_20250428,all,5,50000,0.03,-1,x86_64,16,NVIDIA GeForce RTX 3090,2025-04-28,num_items_experiment_large
30000,41.67080998420715,(user_latents|item) + (item_latents|constant),1,102763.90625,200,3061,"ChoiceDataset(num_items=200, num_users=500, num_sessions=30000, label=[], item_index=[30000], user_index=[30000], session_index=[30000], item_availability=[], user_latents=[500, 30], item_latents=[200, 30], device=cuda:0)","3.9.15 (main, Nov 24 2022, 14:31:59) 
[GCC 11.2.0]",2.5.1+cu124,1.0.6,cuda,/home/tianyudu/Development/torch-choice/paper_performance_benchmarks/torch_choice_benchmark_data_totally_synthetic,./benchmark_results_aurora_20250428,all,5,50000,0.03,-1,x86_64,16,NVIDIA GeForce RTX 3090,2025-04-28,num_items_experiment_large
30000,37.76831841468811,(user_latents|item) + (item_latents|constant),1,107686.3125,250,2543,"ChoiceDataset(num_items=250, num_users=500, num_sessions=30000, label=[], item_index=[30000], user_index=[30000], session_index=[30000], item_availability=[], user_latents=[500, 30], item_latents=[250, 30], device=cuda:0)","3.9.15 (main, Nov 24 2022, 14:31:59) 
[GCC 11.2.0]",2.5.1+cu124,1.0.6,cuda,/home/tianyudu/Development/torch-choice/paper_performance_benchmarks/torch_choice_benchmark_data_totally_synthetic,./benchmark_results_aurora_20250428,all,5,50000,0.03,-1,x86_64,16,NVIDIA GeForce RTX 3090,2025-04-28,num_items_experiment_large
30000,45.84136199951172,(user_latents|item) + (item_latents|constant),1,110762.921875,300,2720,"ChoiceDataset(num_items=300, num_users=500, num_sessions=30000, label=[], item_index=[30000], user_index=[30000], session_index=[30000], item_availability=[], user_latents=[500, 30], item_latents=[300, 30], device=cuda:0)","3.9.15 (main, Nov 24 2022, 14:31:59) 
[GCC 11.2.0]",2.5.1+cu124,1.0.6,cuda,/home/tianyudu/Development/torch-choice/paper_performance_benchmarks/torch_choice_benchmark_data_totally_synthetic,./benchmark_results_aurora_20250428,all,5,50000,0.03,-1,x86_64,16,NVIDIA GeForce RTX 3090,2025-04-28,num_items_experiment_large
30000,53.32235860824585,(user_latents|item) + (item_latents|constant),1,118223.53125,350,2782,"ChoiceDataset(num_items=350, num_users=500, num_sessions=30000, label=[], item_index=[30000], user_index=[30000], session_index=[30000], item_availability=[], user_latents=[500, 30], item_latents=[350, 30], device=cuda:0)","3.9.15 (main, Nov 24 2022, 14:31:59) 
[GCC 11.2.0]",2.5.1+cu124,1.0.6,cuda,/home/tianyudu/Development/torch-choice/paper_performance_benchmarks/torch_choice_benchmark_data_totally_synthetic,./benchmark_results_aurora_20250428,all,5,50000,0.03,-1,x86_64,16,NVIDIA GeForce RTX 3090,2025-04-28,num_items_experiment_large
30000,54.04490947723389,(user_latents|item) + (item_latents|constant),1,124269.953125,400,2527,"ChoiceDataset(num_items=400, num_users=500, num_sessions=30000, label=[], item_index=[30000], user_index=[30000], session_index=[30000], item_availability=[], user_latents=[500, 30], item_latents=[400, 30], device=cuda:0)","3.9.15 (main, Nov 24 2022, 14:31:59) 
[GCC 11.2.0]",2.5.1+cu124,1.0.6,cuda,/home/tianyudu/Development/torch-choice/paper_performance_benchmarks/torch_choice_benchmark_data_totally_synthetic,./benchmark_results_aurora_20250428,all,5,50000,0.03,-1,x86_64,16,NVIDIA GeForce RTX 3090,2025-04-28,num_items_experiment_large
30000,65.88519930839539,(user_latents|item) + (item_latents|constant),1,129101.2421875,450,2703,"ChoiceDataset(num_items=450, num_users=500, num_sessions=30000, label=[], item_index=[30000], user_index=[30000], session_index=[30000], item_availability=[], user_latents=[500, 30], item_latents=[450, 30], device=cuda:0)","3.9.15 (main, Nov 24 2022, 14:31:59) 
[GCC 11.2.0]",2.5.1+cu124,1.0.6,cuda,/home/tianyudu/Development/torch-choice/paper_performance_benchmarks/torch_choice_benchmark_data_totally_synthetic,./benchmark_results_aurora_20250428,all,5,50000,0.03,-1,x86_64,16,NVIDIA GeForce RTX 3090,2025-04-28,num_items_experiment_large
30000,83.59636640548706,(user_latents|item) + (item_latents|constant),1,129273.7265625,500,3118,"ChoiceDataset(num_items=500, num_users=500, num_sessions=30000, label=[], item_index=[30000], user_index=[30000], session_index=[30000], item_availability=[], user_latents=[500, 30], item_latents=[500, 30], device=cuda:0)","3.9.15 (main, Nov 24 2022, 14:31:59) 
[GCC 11.2.0]",2.5.1+cu124,1.0.6,cuda,/home/tianyudu/Development/torch-choice/paper_performance_benchmarks/torch_choice_benchmark_data_totally_synthetic,./benchmark_results_aurora_20250428,all,5,50000,0.03,-1,x86_64,16,NVIDIA GeForce RTX 3090,2025-04-28,num_items_experiment_large
30000,25.35762667655945,(user_latents|item),1,59595.9453125,10,2592,"ChoiceDataset(num_items=10, num_users=500, num_sessions=30000, label=[], item_index=[30000], user_index=[30000], session_index=[30000], item_availability=[], user_latents=[500, 30], item_latents=[10, 30], device=cuda:0)","3.9.15 (main, Nov 24 2022, 14:31:59) 
[GCC 11.2.0]",2.5.1+cu124,1.0.6,cuda,/home/tianyudu/Development/torch-choice/paper_performance_benchmarks/torch_choice_benchmark_data_totally_synthetic,./benchmark_results_aurora_20250428,all,5,50000,0.03,-1,x86_64,16,NVIDIA GeForce RTX 3090,2025-04-28,num_items_experiment_large
30000,34.021838903427124,(user_latents|item),1,31900.55859375,20,3501,"ChoiceDataset(num_items=20, num_users=500, num_sessions=30000, label=[], item_index=[30000], user_index=[30000], session_index=[30000], item_availability=[], user_latents=[500, 30], item_latents=[20, 30], device=cuda:0)","3.9.15 (main, Nov 24 2022, 14:31:59) 
[GCC 11.2.0]",2.5.1+cu124,1.0.6,cuda,/home/tianyudu/Development/torch-choice/paper_performance_benchmarks/torch_choice_benchmark_data_totally_synthetic,./benchmark_results_aurora_20250428,all,5,50000,0.03,-1,x86_64,16,NVIDIA GeForce RTX 3090,2025-04-28,num_items_experiment_large
30000,33.543959617614746,(user_latents|item),1,41648.11328125,30,3412,"ChoiceDataset(num_items=30, num_users=500, num_sessions=30000, label=[], item_index=[30000], user_index=[30000], session_index=[30000], item_availability=[], user_latents=[500, 30], item_latents=[30, 30], device=cuda:0)","3.9.15 (main, Nov 24 2022, 14:31:59) 
[GCC 11.2.0]",2.5.1+cu124,1.0.6,cuda,/home/tianyudu/Development/torch-choice/paper_performance_benchmarks/torch_choice_benchmark_data_totally_synthetic,./benchmark_results_aurora_20250428,all,5,50000,0.03,-1,x86_64,16,NVIDIA GeForce RTX 3090,2025-04-28,num_items_experiment_large
30000,32.727068185806274,(user_latents|item),1,60782.3984375,50,3265,"ChoiceDataset(num_items=50, num_users=500, num_sessions=30000, label=[], item_index=[30000], user_index=[30000], session_index=[30000], item_availability=[], user_latents=[500, 30], item_latents=[50, 30], device=cuda:0)","3.9.15 (main, Nov 24 2022, 14:31:59) 
[GCC 11.2.0]",2.5.1+cu124,1.0.6,cuda,/home/tianyudu/Development/torch-choice/paper_performance_benchmarks/torch_choice_benchmark_data_totally_synthetic,./benchmark_results_aurora_20250428,all,5,50000,0.03,-1,x86_64,16,NVIDIA GeForce RTX 3090,2025-04-28,num_items_experiment_large
30000,31.590829610824585,(user_latents|item),1,78727.3203125,100,2988,"ChoiceDataset(num_items=100, num_users=500, num_sessions=30000, label=[], item_index=[30000], user_index=[30000], session_index=[30000], item_availability=[], user_latents=[500, 30], item_latents=[100, 30], device=cuda:0)","3.9.15 (main, Nov 24 2022, 14:31:59) 
[GCC 11.2.0]",2.5.1+cu124,1.0.6,cuda,/home/tianyudu/Development/torch-choice/paper_performance_benchmarks/torch_choice_benchmark_data_totally_synthetic,./benchmark_results_aurora_20250428,all,5,50000,0.03,-1,x86_64,16,NVIDIA GeForce RTX 3090,2025-04-28,num_items_experiment_large
30000,35.58779001235962,(user_latents|item),1,92184.203125,150,3195,"ChoiceDataset(num_items=150, num_users=500, num_sessions=30000, label=[], item_index=[30000], user_index=[30000], session_index=[30000], item_availability=[], user_latents=[500, 30], item_latents=[150, 30], device=cuda:0)","3.9.15 (main, Nov 24 2022, 14:31:59) 
[GCC 11.2.0]",2.5.1+cu124,1.0.6,cuda,/home/tianyudu/Development/torch-choice/paper_performance_benchmarks/torch_choice_benchmark_data_totally_synthetic,./benchmark_results_aurora_20250428,all,5,50000,0.03,-1,x86_64,16,NVIDIA GeForce RTX 3090,2025-04-28,num_items_experiment_large
30000,35.27706456184387,(user_latents|item),1,102686.5546875,200,2990,"ChoiceDataset(num_items=200, num_users=500, num_sessions=30000, label=[], item_index=[30000], user_index=[30000], session_index=[30000], item_availability=[], user_latents=[500, 30], item_latents=[200, 30], device=cuda:0)","3.9.15 (main, Nov 24 2022, 14:31:59) 
[GCC 11.2.0]",2.5.1+cu124,1.0.6,cuda,/home/tianyudu/Development/torch-choice/paper_performance_benchmarks/torch_choice_benchmark_data_totally_synthetic,./benchmark_results_aurora_20250428,all,5,50000,0.03,-1,x86_64,16,NVIDIA GeForce RTX 3090,2025-04-28,num_items_experiment_large
30000,34.389395236968994,(user_latents|item),1,107671.8203125,250,2806,"ChoiceDataset(num_items=250, num_users=500, num_sessions=30000, label=[], item_index=[30000], user_index=[30000], session_index=[30000], item_availability=[], user_latents=[500, 30], item_latents=[250, 30], device=cuda:0)","3.9.15 (main, Nov 24 2022, 14:31:59) 
[GCC 11.2.0]",2.5.1+cu124,1.0.6,cuda,/home/tianyudu/Development/torch-choice/paper_performance_benchmarks/torch_choice_benchmark_data_totally_synthetic,./benchmark_results_aurora_20250428,all,5,50000,0.03,-1,x86_64,16,NVIDIA GeForce RTX 3090,2025-04-28,num_items_experiment_large
30000,35.56222224235535,(user_latents|item),1,110798.1015625,300,2742,"ChoiceDataset(num_items=300, num_users=500, num_sessions=30000, label=[], item_index=[30000], user_index=[30000], session_index=[30000], item_availability=[], user_latents=[500, 30], item_latents=[300, 30], device=cuda:0)","3.9.15 (main, Nov 24 2022, 14:31:59) 
[GCC 11.2.0]",2.5.1+cu124,1.0.6,cuda,/home/tianyudu/Development/torch-choice/paper_performance_benchmarks/torch_choice_benchmark_data_totally_synthetic,./benchmark_results_aurora_20250428,all,5,50000,0.03,-1,x86_64,16,NVIDIA GeForce RTX 3090,2025-04-28,num_items_experiment_large
30000,39.85537791252136,(user_latents|item),1,118246.03125,350,2943,"ChoiceDataset(num_items=350, num_users=500, num_sessions=30000, label=[], item_index=[30000], user_index=[30000], session_index=[30000], item_availability=[], user_latents=[500, 30], item_latents=[350, 30], device=cuda:0)","3.9.15 (main, Nov 24 2022, 14:31:59) 
[GCC 11.2.0]",2.5.1+cu124,1.0.6,cuda,/home/tianyudu/Development/torch-choice/paper_performance_benchmarks/torch_choice_benchmark_data_totally_synthetic,./benchmark_results_aurora_20250428,all,5,50000,0.03,-1,x86_64,16,NVIDIA GeForce RTX 3090,2025-04-28,num_items_experiment_large
30000,45.85157012939453,(user_latents|item),1,124191.703125,400,3226,"ChoiceDataset(num_items=400, num_users=500, num_sessions=30000, label=[], item_index=[30000], user_index=[30000], session_index=[30000], item_availability=[], user_latents=[500, 30], item_latents=[400, 30], device=cuda:0)","3.9.15 (main, Nov 24 2022, 14:31:59) 
[GCC 11.2.0]",2.5.1+cu124,1.0.6,cuda,/home/tianyudu/Development/torch-choice/paper_performance_benchmarks/torch_choice_benchmark_data_totally_synthetic,./benchmark_results_aurora_20250428,all,5,50000,0.03,-1,x86_64,16,NVIDIA GeForce RTX 3090,2025-04-28,num_items_experiment_large
30000,50.13322615623474,(user_latents|item),1,129095.640625,450,3360,"ChoiceDataset(num_items=450, num_users=500, num_sessions=30000, label=[], item_index=[30000], user_index=[30000], session_index=[30000], item_availability=[], user_latents=[500, 30], item_latents=[450, 30], device=cuda:0)","3.9.15 (main, Nov 24 2022, 14:31:59) 
[GCC 11.2.0]",2.5.1+cu124,1.0.6,cuda,/home/tianyudu/Development/torch-choice/paper_performance_benchmarks/torch_choice_benchmark_data_totally_synthetic,./benchmark_results_aurora_20250428,all,5,50000,0.03,-1,x86_64,16,NVIDIA GeForce RTX 3090,2025-04-28,num_items_experiment_large
30000,47.1294150352478,(user_latents|item),1,129271.125,500,3002,"ChoiceDataset(num_items=500, num_users=500, num_sessions=30000, label=[], item_index=[30000], user_index=[30000], session_index=[30000], item_availability=[], user_latents=[500, 30], item_latents=[500, 30], device=cuda:0)","3.9.15 (main, Nov 24 2022, 14:31:59) 
[GCC 11.2.0]",2.5.1+cu124,1.0.6,cuda,/home/tianyudu/Development/torch-choice/paper_performance_benchmarks/torch_choice_benchmark_data_totally_synthetic,./benchmark_results_aurora_20250428,all,5,50000,0.03,-1,x86_64,16,NVIDIA GeForce RTX 3090,2025-04-28,num_items_experiment_large
30000,4.568700075149536,(item_latents|constant),1,65203.5546875,10,480,"ChoiceDataset(num_items=10, num_users=500, num_sessions=30000, label=[], item_index=[30000], user_index=[30000], session_index=[30000], item_availability=[], user_latents=[500, 30], item_latents=[10, 30], device=cuda:0)","3.9.15 (main, Nov 24 2022, 14:31:59) 
[GCC 11.2.0]",2.5.1+cu124,1.0.6,cuda,/home/tianyudu/Development/torch-choice/paper_performance_benchmarks/torch_choice_benchmark_data_totally_synthetic,./benchmark_results_aurora_20250428,all,5,50000,0.03,-1,x86_64,16,NVIDIA GeForce RTX 3090,2025-04-28,num_items_experiment_large
30000,19.510422945022583,(item_latents|constant),1,47038.85546875,20,2022,"ChoiceDataset(num_items=20, num_users=500, num_sessions=30000, label=[], item_index=[30000], user_index=[30000], session_index=[30000], item_availability=[], user_latents=[500, 30], item_latents=[20, 30], device=cuda:0)","3.9.15 (main, Nov 24 2022, 14:31:59) 
[GCC 11.2.0]",2.5.1+cu124,1.0.6,cuda,/home/tianyudu/Development/torch-choice/paper_performance_benchmarks/torch_choice_benchmark_data_totally_synthetic,./benchmark_results_aurora_20250428,all,5,50000,0.03,-1,x86_64,16,NVIDIA GeForce RTX 3090,2025-04-28,num_items_experiment_large
30000,52.882375955581665,(item_latents|constant),1,63262.8125,30,5417,"ChoiceDataset(num_items=30, num_users=500, num_sessions=30000, label=[], item_index=[30000], user_index=[30000], session_index=[30000], item_availability=[], user_latents=[500, 30], item_latents=[30, 30], device=cuda:0)","3.9.15 (main, Nov 24 2022, 14:31:59) 
[GCC 11.2.0]",2.5.1+cu124,1.0.6,cuda,/home/tianyudu/Development/torch-choice/paper_performance_benchmarks/torch_choice_benchmark_data_totally_synthetic,./benchmark_results_aurora_20250428,all,5,50000,0.03,-1,x86_64,16,NVIDIA GeForce RTX 3090,2025-04-28,num_items_experiment_large
30000,21.559661149978638,(item_latents|constant),1,83093.03125,50,2176,"ChoiceDataset(num_items=50, num_users=500, num_sessions=30000, label=[], item_index=[30000], user_index=[30000], session_index=[30000], item_availability=[], user_latents=[500, 30], item_latents=[50, 30], device=cuda:0)","3.9.15 (main, Nov 24 2022, 14:31:59) 
[GCC 11.2.0]",2.5.1+cu124,1.0.6,cuda,/home/tianyudu/Development/torch-choice/paper_performance_benchmarks/torch_choice_benchmark_data_totally_synthetic,./benchmark_results_aurora_20250428,all,5,50000,0.03,-1,x86_64,16,NVIDIA GeForce RTX 3090,2025-04-28,num_items_experiment_large
30000,17.21062421798706,(item_latents|constant),1,106751.90625,100,1659,"ChoiceDataset(num_items=100, num_users=500, num_sessions=30000, label=[], item_index=[30000], user_index=[30000], session_index=[30000], item_availability=[], user_latents=[500, 30], item_latents=[100, 30], device=cuda:0)","3.9.15 (main, Nov 24 2022, 14:31:59) 
[GCC 11.2.0]",2.5.1+cu124,1.0.6,cuda,/home/tianyudu/Development/torch-choice/paper_performance_benchmarks/torch_choice_benchmark_data_totally_synthetic,./benchmark_results_aurora_20250428,all,5,50000,0.03,-1,x86_64,16,NVIDIA GeForce RTX 3090,2025-04-28,num_items_experiment_large
30000,17.049508571624756,(item_latents|constant),1,125412.03125,150,1572,"ChoiceDataset(num_items=150, num_users=500, num_sessions=30000, label=[], item_index=[30000], user_index=[30000], session_index=[30000], item_availability=[], user_latents=[500, 30], item_latents=[150, 30], device=cuda:0)","3.9.15 (main, Nov 24 2022, 14:31:59) 
[GCC 11.2.0]",2.5.1+cu124,1.0.6,cuda,/home/tianyudu/Development/torch-choice/paper_performance_benchmarks/torch_choice_benchmark_data_totally_synthetic,./benchmark_results_aurora_20250428,all,5,50000,0.03,-1,x86_64,16,NVIDIA GeForce RTX 3090,2025-04-28,num_items_experiment_large
30000,15.68409514427185,(item_latents|constant),1,139843.0,200,1392,"ChoiceDataset(num_items=200, num_users=500, num_sessions=30000, label=[], item_index=[30000], user_index=[30000], session_index=[30000], item_availability=[], user_latents=[500, 30], item_latents=[200, 30], device=cuda:0)","3.9.15 (main, Nov 24 2022, 14:31:59) 
[GCC 11.2.0]",2.5.1+cu124,1.0.6,cuda,/home/tianyudu/Development/torch-choice/paper_performance_benchmarks/torch_choice_benchmark_data_totally_synthetic,./benchmark_results_aurora_20250428,all,5,50000,0.03,-1,x86_64,16,NVIDIA GeForce RTX 3090,2025-04-28,num_items_experiment_large
30000,14.99343466758728,(item_latents|constant),1,148824.5625,250,1277,"ChoiceDataset(num_items=250, num_users=500, num_sessions=30000, label=[], item_index=[30000], user_index=[30000], session_index=[30000], item_availability=[], user_latents=[500, 30], item_latents=[250, 30], device=cuda:0)","3.9.15 (main, Nov 24 2022, 14:31:59) 
[GCC 11.2.0]",2.5.1+cu124,1.0.6,cuda,/home/tianyudu/Development/torch-choice/paper_performance_benchmarks/torch_choice_benchmark_data_totally_synthetic,./benchmark_results_aurora_20250428,all,5,50000,0.03,-1,x86_64,16,NVIDIA GeForce RTX 3090,2025-04-28,num_items_experiment_large
30000,13.715248107910156,(item_latents|constant),1,158905.53125,300,1125,"ChoiceDataset(num_items=300, num_users=500, num_sessions=30000, label=[], item_index=[30000], user_index=[30000], session_index=[30000], item_availability=[], user_latents=[500, 30], item_latents=[300, 30], device=cuda:0)","3.9.15 (main, Nov 24 2022, 14:31:59) 
[GCC 11.2.0]",2.5.1+cu124,1.0.6,cuda,/home/tianyudu/Development/torch-choice/paper_performance_benchmarks/torch_choice_benchmark_data_totally_synthetic,./benchmark_results_aurora_20250428,all,5,50000,0.03,-1,x86_64,16,NVIDIA GeForce RTX 3090,2025-04-28,num_items_experiment_large
30000,13.936352968215942,(item_latents|constant),1,165066.9375,350,1098,"ChoiceDataset(num_items=350, num_users=500, num_sessions=30000, label=[], item_index=[30000], user_index=[30000], session_index=[30000], item_availability=[], user_latents=[500, 30], item_latents=[350, 30], device=cuda:0)","3.9.15 (main, Nov 24 2022, 14:31:59) 
[GCC 11.2.0]",2.5.1+cu124,1.0.6,cuda,/home/tianyudu/Development/torch-choice/paper_performance_benchmarks/torch_choice_benchmark_data_totally_synthetic,./benchmark_results_aurora_20250428,all,5,50000,0.03,-1,x86_64,16,NVIDIA GeForce RTX 3090,2025-04-28,num_items_experiment_large
30000,14.42950177192688,(item_latents|constant),1,169950.828125,400,1100,"ChoiceDataset(num_items=400, num_users=500, num_sessions=30000, label=[], item_index=[30000], user_index=[30000], session_index=[30000], item_availability=[], user_latents=[500, 30], item_latents=[400, 30], device=cuda:0)","3.9.15 (main, Nov 24 2022, 14:31:59) 
[GCC 11.2.0]",2.5.1+cu124,1.0.6,cuda,/home/tianyudu/Development/torch-choice/paper_performance_benchmarks/torch_choice_benchmark_data_totally_synthetic,./benchmark_results_aurora_20250428,all,5,50000,0.03,-1,x86_64,16,NVIDIA GeForce RTX 3090,2025-04-28,num_items_experiment_large
30000,14.903669357299805,(item_latents|constant),1,174794.46875,450,1094,"ChoiceDataset(num_items=450, num_users=500, num_sessions=30000, label=[], item_index=[30000], user_index=[30000], session_index=[30000], item_availability=[], user_latents=[500, 30], item_latents=[450, 30], device=cuda:0)","3.9.15 (main, Nov 24 2022, 14:31:59) 
[GCC 11.2.0]",2.5.1+cu124,1.0.6,cuda,/home/tianyudu/Development/torch-choice/paper_performance_benchmarks/torch_choice_benchmark_data_totally_synthetic,./benchmark_results_aurora_20250428,all,5,50000,0.03,-1,x86_64,16,NVIDIA GeForce RTX 3090,2025-04-28,num_items_experiment_large
30000,15.501657962799072,(item_latents|constant),1,178015.546875,500,1094,"ChoiceDataset(num_items=500, num_users=500, num_sessions=30000, label=[], item_index=[30000], user_index=[30000], session_index=[30000], item_availability=[], user_latents=[500, 30], item_latents=[500, 30], device=cuda:0)","3.9.15 (main, Nov 24 2022, 14:31:59) 
[GCC 11.2.0]",2.5.1+cu124,1.0.6,cuda,/home/tianyudu/Development/torch-choice/paper_performance_benchmarks/torch_choice_benchmark_data_totally_synthetic,./benchmark_results_aurora_20250428,all,5,50000,0.03,-1,x86_64,16,NVIDIA GeForce RTX 3090,2025-04-28,num_items_experiment_large
30000,18.708701848983765,(user_latents|item) + (item_latents|constant),2,59579.53515625,10,1908,"ChoiceDataset(num_items=10, num_users=500, num_sessions=30000, label=[], item_index=[30000], user_index=[30000], session_index=[30000], item_availability=[], user_latents=[500, 30], item_latents=[10, 30], device=cuda:0)","3.9.15 (main, Nov 24 2022, 14:31:59) 
[GCC 11.2.0]",2.5.1+cu124,1.0.6,cuda,/home/tianyudu/Development/torch-choice/paper_performance_benchmarks/torch_choice_benchmark_data_totally_synthetic,./benchmark_results_aurora_20250428,all,5,50000,0.03,-1,x86_64,16,NVIDIA GeForce RTX 3090,2025-04-28,num_items_experiment_large
30000,33.22917318344116,(user_latents|item) + (item_latents|constant),2,31915.31640625,20,3317,"ChoiceDataset(num_items=20, num_users=500, num_sessions=30000, label=[], item_index=[30000], user_index=[30000], session_index=[30000], item_availability=[], user_latents=[500, 30], item_latents=[20, 30], device=cuda:0)","3.9.15 (main, Nov 24 2022, 14:31:59) 
[GCC 11.2.0]",2.5.1+cu124,1.0.6,cuda,/home/tianyudu/Development/torch-choice/paper_performance_benchmarks/torch_choice_benchmark_data_totally_synthetic,./benchmark_results_aurora_20250428,all,5,50000,0.03,-1,x86_64,16,NVIDIA GeForce RTX 3090,2025-04-28,num_items_experiment_large
30000,32.21043610572815,(user_latents|item) + (item_latents|constant),2,41637.40625,30,3164,"ChoiceDataset(num_items=30, num_users=500, num_sessions=30000, label=[], item_index=[30000], user_index=[30000], session_index=[30000], item_availability=[], user_latents=[500, 30], item_latents=[30, 30], device=cuda:0)","3.9.15 (main, Nov 24 2022, 14:31:59) 
[GCC 11.2.0]",2.5.1+cu124,1.0.6,cuda,/home/tianyudu/Development/torch-choice/paper_performance_benchmarks/torch_choice_benchmark_data_totally_synthetic,./benchmark_results_aurora_20250428,all,5,50000,0.03,-1,x86_64,16,NVIDIA GeForce RTX 3090,2025-04-28,num_items_experiment_large
30000,22.73132872581482,(user_latents|item) + (item_latents|constant),2,60837.625,50,2151,"ChoiceDataset(num_items=50, num_users=500, num_sessions=30000, label=[], item_index=[30000], user_index=[30000], session_index=[30000], item_availability=[], user_latents=[500, 30], item_latents=[50, 30], device=cuda:0)","3.9.15 (main, Nov 24 2022, 14:31:59) 
[GCC 11.2.0]",2.5.1+cu124,1.0.6,cuda,/home/tianyudu/Development/torch-choice/paper_performance_benchmarks/torch_choice_benchmark_data_totally_synthetic,./benchmark_results_aurora_20250428,all,5,50000,0.03,-1,x86_64,16,NVIDIA GeForce RTX 3090,2025-04-28,num_items_experiment_large
30000,26.54252576828003,(user_latents|item) + (item_latents|constant),2,78743.875,100,2290,"ChoiceDataset(num_items=100, num_users=500, num_sessions=30000, label=[], item_index=[30000], user_index=[30000], session_index=[30000], item_availability=[], user_latents=[500, 30], item_latents=[100, 30], device=cuda:0)","3.9.15 (main, Nov 24 2022, 14:31:59) 
[GCC 11.2.0]",2.5.1+cu124,1.0.6,cuda,/home/tianyudu/Development/torch-choice/paper_performance_benchmarks/torch_choice_benchmark_data_totally_synthetic,./benchmark_results_aurora_20250428,all,5,50000,0.03,-1,x86_64,16,NVIDIA GeForce RTX 3090,2025-04-28,num_items_experiment_large
30000,29.752596855163574,(user_latents|item) + (item_latents|constant),2,92245.421875,150,2378,"ChoiceDataset(num_items=150, num_users=500, num_sessions=30000, label=[], item_index=[30000], user_index=[30000], session_index=[30000], item_availability=[], user_latents=[500, 30], item_latents=[150, 30], device=cuda:0)","3.9.15 (main, Nov 24 2022, 14:31:59) 
[GCC 11.2.0]",2.5.1+cu124,1.0.6,cuda,/home/tianyudu/Development/torch-choice/paper_performance_benchmarks/torch_choice_benchmark_data_totally_synthetic,./benchmark_results_aurora_20250428,all,5,50000,0.03,-1,x86_64,16,NVIDIA GeForce RTX 3090,2025-04-28,num_items_experiment_large
30000,38.16464018821716,(user_latents|item) + (item_latents|constant),2,102742.828125,200,2798,"ChoiceDataset(num_items=200, num_users=500, num_sessions=30000, label=[], item_index=[30000], user_index=[30000], session_index=[30000], item_availability=[], user_latents=[500, 30], item_latents=[200, 30], device=cuda:0)","3.9.15 (main, Nov 24 2022, 14:31:59) 
[GCC 11.2.0]",2.5.1+cu124,1.0.6,cuda,/home/tianyudu/Development/torch-choice/paper_performance_benchmarks/torch_choice_benchmark_data_totally_synthetic,./benchmark_results_aurora_20250428,all,5,50000,0.03,-1,x86_64,16,NVIDIA GeForce RTX 3090,2025-04-28,num_items_experiment_large
30000,45.44001626968384,(user_latents|item) + (item_latents|constant),2,107650.0,250,3061,"ChoiceDataset(num_items=250, num_users=500, num_sessions=30000, label=[], item_index=[30000], user_index=[30000], session_index=[30000], item_availability=[], user_latents=[500, 30], item_latents=[250, 30], device=cuda:0)","3.9.15 (main, Nov 24 2022, 14:31:59) 
[GCC 11.2.0]",2.5.1+cu124,1.0.6,cuda,/home/tianyudu/Development/torch-choice/paper_performance_benchmarks/torch_choice_benchmark_data_totally_synthetic,./benchmark_results_aurora_20250428,all,5,50000,0.03,-1,x86_64,16,NVIDIA GeForce RTX 3090,2025-04-28,num_items_experiment_large
30000,44.93684267997742,(user_latents|item) + (item_latents|constant),2,110827.421875,300,2663,"ChoiceDataset(num_items=300, num_users=500, num_sessions=30000, label=[], item_index=[30000], user_index=[30000], session_index=[30000], item_availability=[], user_latents=[500, 30], item_latents=[300, 30], device=cuda:0)","3.9.15 (main, Nov 24 2022, 14:31:59) 
[GCC 11.2.0]",2.5.1+cu124,1.0.6,cuda,/home/tianyudu/Development/torch-choice/paper_performance_benchmarks/torch_choice_benchmark_data_totally_synthetic,./benchmark_results_aurora_20250428,all,5,50000,0.03,-1,x86_64,16,NVIDIA GeForce RTX 3090,2025-04-28,num_items_experiment_large
30000,56.11064553260803,(user_latents|item) + (item_latents|constant),2,118273.671875,350,2926,"ChoiceDataset(num_items=350, num_users=500, num_sessions=30000, label=[], item_index=[30000], user_index=[30000], session_index=[30000], item_availability=[], user_latents=[500, 30], item_latents=[350, 30], device=cuda:0)","3.9.15 (main, Nov 24 2022, 14:31:59) 
[GCC 11.2.0]",2.5.1+cu124,1.0.6,cuda,/home/tianyudu/Development/torch-choice/paper_performance_benchmarks/torch_choice_benchmark_data_totally_synthetic,./benchmark_results_aurora_20250428,all,5,50000,0.03,-1,x86_64,16,NVIDIA GeForce RTX 3090,2025-04-28,num_items_experiment_large
30000,48.66075038909912,(user_latents|item) + (item_latents|constant),2,124273.0703125,400,2276,"ChoiceDataset(num_items=400, num_users=500, num_sessions=30000, label=[], item_index=[30000], user_index=[30000], session_index=[30000], item_availability=[], user_latents=[500, 30], item_latents=[400, 30], device=cuda:0)","3.9.15 (main, Nov 24 2022, 14:31:59) 
[GCC 11.2.0]",2.5.1+cu124,1.0.6,cuda,/home/tianyudu/Development/torch-choice/paper_performance_benchmarks/torch_choice_benchmark_data_totally_synthetic,./benchmark_results_aurora_20250428,all,5,50000,0.03,-1,x86_64,16,NVIDIA GeForce RTX 3090,2025-04-28,num_items_experiment_large
30000,73.13232803344727,(user_latents|item) + (item_latents|constant),2,129198.828125,450,3005,"ChoiceDataset(num_items=450, num_users=500, num_sessions=30000, label=[], item_index=[30000], user_index=[30000], session_index=[30000], item_availability=[], user_latents=[500, 30], item_latents=[450, 30], device=cuda:0)","3.9.15 (main, Nov 24 2022, 14:31:59) 
[GCC 11.2.0]",2.5.1+cu124,1.0.6,cuda,/home/tianyudu/Development/torch-choice/paper_performance_benchmarks/torch_choice_benchmark_data_totally_synthetic,./benchmark_results_aurora_20250428,all,5,50000,0.03,-1,x86_64,16,NVIDIA GeForce RTX 3090,2025-04-28,num_items_experiment_large
30000,61.436378717422485,(user_latents|item) + (item_latents|constant),2,129434.109375,500,2292,"ChoiceDataset(num_items=500, num_users=500, num_sessions=30000, label=[], item_index=[30000], user_index=[30000], session_index=[30000], item_availability=[], user_latents=[500, 30], item_latents=[500, 30], device=cuda:0)","3.9.15 (main, Nov 24 2022, 14:31:59) 
[GCC 11.2.0]",2.5.1+cu124,1.0.6,cuda,/home/tianyudu/Development/torch-choice/paper_performance_benchmarks/torch_choice_benchmark_data_totally_synthetic,./benchmark_results_aurora_20250428,all,5,50000,0.03,-1,x86_64,16,NVIDIA GeForce RTX 3090,2025-04-28,num_items_experiment_large
30000,26.12634778022766,(user_latents|item),2,59595.9765625,10,2700,"ChoiceDataset(num_items=10, num_users=500, num_sessions=30000, label=[], item_index=[30000], user_index=[30000], session_index=[30000], item_availability=[], user_latents=[500, 30], item_latents=[10, 30], device=cuda:0)","3.9.15 (main, Nov 24 2022, 14:31:59) 
[GCC 11.2.0]",2.5.1+cu124,1.0.6,cuda,/home/tianyudu/Development/torch-choice/paper_performance_benchmarks/torch_choice_benchmark_data_totally_synthetic,./benchmark_results_aurora_20250428,all,5,50000,0.03,-1,x86_64,16,NVIDIA GeForce RTX 3090,2025-04-28,num_items_experiment_large
30000,39.34762740135193,(user_latents|item),2,31902.09375,20,4004,"ChoiceDataset(num_items=20, num_users=500, num_sessions=30000, label=[], item_index=[30000], user_index=[30000], session_index=[30000], item_availability=[], user_latents=[500, 30], item_latents=[20, 30], device=cuda:0)","3.9.15 (main, Nov 24 2022, 14:31:59) 
[GCC 11.2.0]",2.5.1+cu124,1.0.6,cuda,/home/tianyudu/Development/torch-choice/paper_performance_benchmarks/torch_choice_benchmark_data_totally_synthetic,./benchmark_results_aurora_20250428,all,5,50000,0.03,-1,x86_64,16,NVIDIA GeForce RTX 3090,2025-04-28,num_items_experiment_large
30000,32.702980279922485,(user_latents|item),2,41646.265625,30,3313,"ChoiceDataset(num_items=30, num_users=500, num_sessions=30000, label=[], item_index=[30000], user_index=[30000], session_index=[30000], item_availability=[], user_latents=[500, 30], item_latents=[30, 30], device=cuda:0)","3.9.15 (main, Nov 24 2022, 14:31:59) 
[GCC 11.2.0]",2.5.1+cu124,1.0.6,cuda,/home/tianyudu/Development/torch-choice/paper_performance_benchmarks/torch_choice_benchmark_data_totally_synthetic,./benchmark_results_aurora_20250428,all,5,50000,0.03,-1,x86_64,16,NVIDIA GeForce RTX 3090,2025-04-28,num_items_experiment_large
30000,30.640764474868774,(user_latents|item),2,60782.0703125,50,3061,"ChoiceDataset(num_items=50, num_users=500, num_sessions=30000, label=[], item_index=[30000], user_index=[30000], session_index=[30000], item_availability=[], user_latents=[500, 30], item_latents=[50, 30], device=cuda:0)","3.9.15 (main, Nov 24 2022, 14:31:59) 
[GCC 11.2.0]",2.5.1+cu124,1.0.6,cuda,/home/tianyudu/Development/torch-choice/paper_performance_benchmarks/torch_choice_benchmark_data_totally_synthetic,./benchmark_results_aurora_20250428,all,5,50000,0.03,-1,x86_64,16,NVIDIA GeForce RTX 3090,2025-04-28,num_items_experiment_large
30000,32.479663133621216,(user_latents|item),2,78736.015625,100,3067,"ChoiceDataset(num_items=100, num_users=500, num_sessions=30000, label=[], item_index=[30000], user_index=[30000], session_index=[30000], item_availability=[], user_latents=[500, 30], item_latents=[100, 30], device=cuda:0)","3.9.15 (main, Nov 24 2022, 14:31:59) 
[GCC 11.2.0]",2.5.1+cu124,1.0.6,cuda,/home/tianyudu/Development/torch-choice/paper_performance_benchmarks/torch_choice_benchmark_data_totally_synthetic,./benchmark_results_aurora_20250428,all,5,50000,0.03,-1,x86_64,16,NVIDIA GeForce RTX 3090,2025-04-28,num_items_experiment_large
30000,39.82819390296936,(user_latents|item),2,92191.75,150,3557,"ChoiceDataset(num_items=150, num_users=500, num_sessions=30000, label=[], item_index=[30000], user_index=[30000], session_index=[30000], item_availability=[], user_latents=[500, 30], item_latents=[150, 30], device=cuda:0)","3.9.15 (main, Nov 24 2022, 14:31:59) 
[GCC 11.2.0]",2.5.1+cu124,1.0.6,cuda,/home/tianyudu/Development/torch-choice/paper_performance_benchmarks/torch_choice_benchmark_data_totally_synthetic,./benchmark_results_aurora_20250428,all,5,50000,0.03,-1,x86_64,16,NVIDIA GeForce RTX 3090,2025-04-28,num_items_experiment_large
30000,41.017635345458984,(user_latents|item),2,102694.296875,200,3484,"ChoiceDataset(num_items=200, num_users=500, num_sessions=30000, label=[], item_index=[30000], user_index=[30000], session_index=[30000], item_availability=[], user_latents=[500, 30], item_latents=[200, 30], device=cuda:0)","3.9.15 (main, Nov 24 2022, 14:31:59) 
[GCC 11.2.0]",2.5.1+cu124,1.0.6,cuda,/home/tianyudu/Development/torch-choice/paper_performance_benchmarks/torch_choice_benchmark_data_totally_synthetic,./benchmark_results_aurora_20250428,all,5,50000,0.03,-1,x86_64,16,NVIDIA GeForce RTX 3090,2025-04-28,num_items_experiment_large
30000,36.7805061340332,(user_latents|item),2,107699.046875,250,3011,"ChoiceDataset(num_items=250, num_users=500, num_sessions=30000, label=[], item_index=[30000], user_index=[30000], session_index=[30000], item_availability=[], user_latents=[500, 30], item_latents=[250, 30], device=cuda:0)","3.9.15 (main, Nov 24 2022, 14:31:59) 
[GCC 11.2.0]",2.5.1+cu124,1.0.6,cuda,/home/tianyudu/Development/torch-choice/paper_performance_benchmarks/torch_choice_benchmark_data_totally_synthetic,./benchmark_results_aurora_20250428,all,5,50000,0.03,-1,x86_64,16,NVIDIA GeForce RTX 3090,2025-04-28,num_items_experiment_large
30000,39.878328800201416,(user_latents|item),2,110818.1171875,300,3104,"ChoiceDataset(num_items=300, num_users=500, num_sessions=30000, label=[], item_index=[30000], user_index=[30000], session_index=[30000], item_availability=[], user_latents=[500, 30], item_latents=[300, 30], device=cuda:0)","3.9.15 (main, Nov 24 2022, 14:31:59) 
[GCC 11.2.0]",2.5.1+cu124,1.0.6,cuda,/home/tianyudu/Development/torch-choice/paper_performance_benchmarks/torch_choice_benchmark_data_totally_synthetic,./benchmark_results_aurora_20250428,all,5,50000,0.03,-1,x86_64,16,NVIDIA GeForce RTX 3090,2025-04-28,num_items_experiment_large
30000,40.67023420333862,(user_latents|item),2,118267.53125,350,3006,"ChoiceDataset(num_items=350, num_users=500, num_sessions=30000, label=[], item_index=[30000], user_index=[30000], session_index=[30000], item_availability=[], user_latents=[500, 30], item_latents=[350, 30], device=cuda:0)","3.9.15 (main, Nov 24 2022, 14:31:59) 
[GCC 11.2.0]",2.5.1+cu124,1.0.6,cuda,/home/tianyudu/Development/torch-choice/paper_performance_benchmarks/torch_choice_benchmark_data_totally_synthetic,./benchmark_results_aurora_20250428,all,5,50000,0.03,-1,x86_64,16,NVIDIA GeForce RTX 3090,2025-04-28,num_items_experiment_large
30000,46.206127882003784,(user_latents|item),2,124198.6875,400,3256,"ChoiceDataset(num_items=400, num_users=500, num_sessions=30000, label=[], item_index=[30000], user_index=[30000], session_index=[30000], item_availability=[], user_latents=[500, 30], item_latents=[400, 30], device=cuda:0)","3.9.15 (main, Nov 24 2022, 14:31:59) 
[GCC 11.2.0]",2.5.1+cu124,1.0.6,cuda,/home/tianyudu/Development/torch-choice/paper_performance_benchmarks/torch_choice_benchmark_data_totally_synthetic,./benchmark_results_aurora_20250428,all,5,50000,0.03,-1,x86_64,16,NVIDIA GeForce RTX 3090,2025-04-28,num_items_experiment_large
30000,49.704604625701904,(user_latents|item),2,129117.3203125,450,3328,"ChoiceDataset(num_items=450, num_users=500, num_sessions=30000, label=[], item_index=[30000], user_index=[30000], session_index=[30000], item_availability=[], user_latents=[500, 30], item_latents=[450, 30], device=cuda:0)","3.9.15 (main, Nov 24 2022, 14:31:59) 
[GCC 11.2.0]",2.5.1+cu124,1.0.6,cuda,/home/tianyudu/Development/torch-choice/paper_performance_benchmarks/torch_choice_benchmark_data_totally_synthetic,./benchmark_results_aurora_20250428,all,5,50000,0.03,-1,x86_64,16,NVIDIA GeForce RTX 3090,2025-04-28,num_items_experiment_large
30000,53.40067648887634,(user_latents|item),2,129270.5625,500,3407,"ChoiceDataset(num_items=500, num_users=500, num_sessions=30000, label=[], item_index=[30000], user_index=[30000], session_index=[30000], item_availability=[], user_latents=[500, 30], item_latents=[500, 30], device=cuda:0)","3.9.15 (main, Nov 24 2022, 14:31:59) 
[GCC 11.2.0]",2.5.1+cu124,1.0.6,cuda,/home/tianyudu/Development/torch-choice/paper_performance_benchmarks/torch_choice_benchmark_data_totally_synthetic,./benchmark_results_aurora_20250428,all,5,50000,0.03,-1,x86_64,16,NVIDIA GeForce RTX 3090,2025-04-28,num_items_experiment_large
30000,6.611421346664429,(item_latents|constant),2,65203.5625,10,689,"ChoiceDataset(num_items=10, num_users=500, num_sessions=30000, label=[], item_index=[30000], user_index=[30000], session_index=[30000], item_availability=[], user_latents=[500, 30], item_latents=[10, 30], device=cuda:0)","3.9.15 (main, Nov 24 2022, 14:31:59) 
[GCC 11.2.0]",2.5.1+cu124,1.0.6,cuda,/home/tianyudu/Development/torch-choice/paper_performance_benchmarks/torch_choice_benchmark_data_totally_synthetic,./benchmark_results_aurora_20250428,all,5,50000,0.03,-1,x86_64,16,NVIDIA GeForce RTX 3090,2025-04-28,num_items_experiment_large
30000,36.334360122680664,(item_latents|constant),2,47038.7890625,20,3698,"ChoiceDataset(num_items=20, num_users=500, num_sessions=30000, label=[], item_index=[30000], user_index=[30000], session_index=[30000], item_availability=[], user_latents=[500, 30], item_latents=[20, 30], device=cuda:0)","3.9.15 (main, Nov 24 2022, 14:31:59) 
[GCC 11.2.0]",2.5.1+cu124,1.0.6,cuda,/home/tianyudu/Development/torch-choice/paper_performance_benchmarks/torch_choice_benchmark_data_totally_synthetic,./benchmark_results_aurora_20250428,all,5,50000,0.03,-1,x86_64,16,NVIDIA GeForce RTX 3090,2025-04-28,num_items_experiment_large
30000,79.08327674865723,(item_latents|constant),2,63258.890625,30,8099,"ChoiceDataset(num_items=30, num_users=500, num_sessions=30000, label=[], item_index=[30000], user_index=[30000], session_index=[30000], item_availability=[], user_latents=[500, 30], item_latents=[30, 30], device=cuda:0)","3.9.15 (main, Nov 24 2022, 14:31:59) 
[GCC 11.2.0]",2.5.1+cu124,1.0.6,cuda,/home/tianyudu/Development/torch-choice/paper_performance_benchmarks/torch_choice_benchmark_data_totally_synthetic,./benchmark_results_aurora_20250428,all,5,50000,0.03,-1,x86_64,16,NVIDIA GeForce RTX 3090,2025-04-28,num_items_experiment_large
30000,34.81757593154907,(item_latents|constant),2,83093.375,50,3499,"ChoiceDataset(num_items=50, num_users=500, num_sessions=30000, label=[], item_index=[30000], user_index=[30000], session_index=[30000], item_availability=[], user_latents=[500, 30], item_latents=[50, 30], device=cuda:0)","3.9.15 (main, Nov 24 2022, 14:31:59) 
[GCC 11.2.0]",2.5.1+cu124,1.0.6,cuda,/home/tianyudu/Development/torch-choice/paper_performance_benchmarks/torch_choice_benchmark_data_totally_synthetic,./benchmark_results_aurora_20250428,all,5,50000,0.03,-1,x86_64,16,NVIDIA GeForce RTX 3090,2025-04-28,num_items_experiment_large
30000,24.63554310798645,(item_latents|constant),2,106751.90625,100,2361,"ChoiceDataset(num_items=100, num_users=500, num_sessions=30000, label=[], item_index=[30000], user_index=[30000], session_index=[30000], item_availability=[], user_latents=[500, 30], item_latents=[100, 30], device=cuda:0)","3.9.15 (main, Nov 24 2022, 14:31:59) 
[GCC 11.2.0]",2.5.1+cu124,1.0.6,cuda,/home/tianyudu/Development/torch-choice/paper_performance_benchmarks/torch_choice_benchmark_data_totally_synthetic,./benchmark_results_aurora_20250428,all,5,50000,0.03,-1,x86_64,16,NVIDIA GeForce RTX 3090,2025-04-28,num_items_experiment_large
30000,20.25792622566223,(item_latents|constant),2,125412.046875,150,1858,"ChoiceDataset(num_items=150, num_users=500, num_sessions=30000, label=[], item_index=[30000], user_index=[30000], session_index=[30000], item_availability=[], user_latents=[500, 30], item_latents=[150, 30], device=cuda:0)","3.9.15 (main, Nov 24 2022, 14:31:59) 
[GCC 11.2.0]",2.5.1+cu124,1.0.6,cuda,/home/tianyudu/Development/torch-choice/paper_performance_benchmarks/torch_choice_benchmark_data_totally_synthetic,./benchmark_results_aurora_20250428,all,5,50000,0.03,-1,x86_64,16,NVIDIA GeForce RTX 3090,2025-04-28,num_items_experiment_large
30000,21.37699007987976,(item_latents|constant),2,139843.0,200,1890,"ChoiceDataset(num_items=200, num_users=500, num_sessions=30000, label=[], item_index=[30000], user_index=[30000], session_index=[30000], item_availability=[], user_latents=[500, 30], item_latents=[200, 30], device=cuda:0)","3.9.15 (main, Nov 24 2022, 14:31:59) 
[GCC 11.2.0]",2.5.1+cu124,1.0.6,cuda,/home/tianyudu/Development/torch-choice/paper_performance_benchmarks/torch_choice_benchmark_data_totally_synthetic,./benchmark_results_aurora_20250428,all,5,50000,0.03,-1,x86_64,16,NVIDIA GeForce RTX 3090,2025-04-28,num_items_experiment_large
30000,18.080702781677246,(item_latents|constant),2,148824.5625,250,1542,"ChoiceDataset(num_items=250, num_users=500, num_sessions=30000, label=[], item_index=[30000], user_index=[30000], session_index=[30000], item_availability=[], user_latents=[500, 30], item_latents=[250, 30], device=cuda:0)","3.9.15 (main, Nov 24 2022, 14:31:59) 
[GCC 11.2.0]",2.5.1+cu124,1.0.6,cuda,/home/tianyudu/Development/torch-choice/paper_performance_benchmarks/torch_choice_benchmark_data_totally_synthetic,./benchmark_results_aurora_20250428,all,5,50000,0.03,-1,x86_64,16,NVIDIA GeForce RTX 3090,2025-04-28,num_items_experiment_large
30000,14.71166181564331,(item_latents|constant),2,158905.53125,300,1200,"ChoiceDataset(num_items=300, num_users=500, num_sessions=30000, label=[], item_index=[30000], user_index=[30000], session_index=[30000], item_availability=[], user_latents=[500, 30], item_latents=[300, 30], device=cuda:0)","3.9.15 (main, Nov 24 2022, 14:31:59) 
[GCC 11.2.0]",2.5.1+cu124,1.0.6,cuda,/home/tianyudu/Development/torch-choice/paper_performance_benchmarks/torch_choice_benchmark_data_totally_synthetic,./benchmark_results_aurora_20250428,all,5,50000,0.03,-1,x86_64,16,NVIDIA GeForce RTX 3090,2025-04-28,num_items_experiment_large
30000,15.721935510635376,(item_latents|constant),2,165066.9375,350,1234,"ChoiceDataset(num_items=350, num_users=500, num_sessions=30000, label=[], item_index=[30000], user_index=[30000], session_index=[30000], item_availability=[], user_latents=[500, 30], item_latents=[350, 30], device=cuda:0)","3.9.15 (main, Nov 24 2022, 14:31:59) 
[GCC 11.2.0]",2.5.1+cu124,1.0.6,cuda,/home/tianyudu/Development/torch-choice/paper_performance_benchmarks/torch_choice_benchmark_data_totally_synthetic,./benchmark_results_aurora_20250428,all,5,50000,0.03,-1,x86_64,16,NVIDIA GeForce RTX 3090,2025-04-28,num_items_experiment_large
30000,14.935806274414062,(item_latents|constant),2,169950.84375,400,1141,"ChoiceDataset(num_items=400, num_users=500, num_sessions=30000, label=[], item_index=[30000], user_index=[30000], session_index=[30000], item_availability=[], user_latents=[500, 30], item_latents=[400, 30], device=cuda:0)","3.9.15 (main, Nov 24 2022, 14:31:59) 
[GCC 11.2.0]",2.5.1+cu124,1.0.6,cuda,/home/tianyudu/Development/torch-choice/paper_performance_benchmarks/torch_choice_benchmark_data_totally_synthetic,./benchmark_results_aurora_20250428,all,5,50000,0.03,-1,x86_64,16,NVIDIA GeForce RTX 3090,2025-04-28,num_items_experiment_large
30000,15.449554443359375,(item_latents|constant),2,174794.46875,450,1132,"ChoiceDataset(num_items=450, num_users=500, num_sessions=30000, label=[], item_index=[30000], user_index=[30000], session_index=[30000], item_availability=[], user_latents=[500, 30], item_latents=[450, 30], device=cuda:0)","3.9.15 (main, Nov 24 2022, 14:31:59) 
[GCC 11.2.0]",2.5.1+cu124,1.0.6,cuda,/home/tianyudu/Development/torch-choice/paper_performance_benchmarks/torch_choice_benchmark_data_totally_synthetic,./benchmark_results_aurora_20250428,all,5,50000,0.03,-1,x86_64,16,NVIDIA GeForce RTX 3090,2025-04-28,num_items_experiment_large
30000,15.62403416633606,(item_latents|constant),2,178015.5625,500,1102,"ChoiceDataset(num_items=500, num_users=500, num_sessions=30000, label=[], item_index=[30000], user_index=[30000], session_index=[30000], item_availability=[], user_latents=[500, 30], item_latents=[500, 30], device=cuda:0)","3.9.15 (main, Nov 24 2022, 14:31:59) 
[GCC 11.2.0]",2.5.1+cu124,1.0.6,cuda,/home/tianyudu/Development/torch-choice/paper_performance_benchmarks/torch_choice_benchmark_data_totally_synthetic,./benchmark_results_aurora_20250428,all,5,50000,0.03,-1,x86_64,16,NVIDIA GeForce RTX 3090,2025-04-28,num_items_experiment_large
30000,16.454522609710693,(user_latents|item) + (item_latents|constant),3,59574.4140625,10,1675,"ChoiceDataset(num_items=10, num_users=500, num_sessions=30000, label=[], item_index=[30000], user_index=[30000], session_index=[30000], item_availability=[], user_latents=[500, 30], item_latents=[10, 30], device=cuda:0)","3.9.15 (main, Nov 24 2022, 14:31:59) 
[GCC 11.2.0]",2.5.1+cu124,1.0.6,cuda,/home/tianyudu/Development/torch-choice/paper_performance_benchmarks/torch_choice_benchmark_data_totally_synthetic,./benchmark_results_aurora_20250428,all,5,50000,0.03,-1,x86_64,16,NVIDIA GeForce RTX 3090,2025-04-28,num_items_experiment_large
30000,33.73961615562439,(user_latents|item) + (item_latents|constant),3,31899.763671875,20,3370,"ChoiceDataset(num_items=20, num_users=500, num_sessions=30000, label=[], item_index=[30000], user_index=[30000], session_index=[30000], item_availability=[], user_latents=[500, 30], item_latents=[20, 30], device=cuda:0)","3.9.15 (main, Nov 24 2022, 14:31:59) 
[GCC 11.2.0]",2.5.1+cu124,1.0.6,cuda,/home/tianyudu/Development/torch-choice/paper_performance_benchmarks/torch_choice_benchmark_data_totally_synthetic,./benchmark_results_aurora_20250428,all,5,50000,0.03,-1,x86_64,16,NVIDIA GeForce RTX 3090,2025-04-28,num_items_experiment_large
30000,30.65194058418274,(user_latents|item) + (item_latents|constant),3,41632.4453125,30,3004,"ChoiceDataset(num_items=30, num_users=500, num_sessions=30000, label=[], item_index=[30000], user_index=[30000], session_index=[30000], item_availability=[], user_latents=[500, 30], item_latents=[30, 30], device=cuda:0)","3.9.15 (main, Nov 24 2022, 14:31:59) 
[GCC 11.2.0]",2.5.1+cu124,1.0.6,cuda,/home/tianyudu/Development/torch-choice/paper_performance_benchmarks/torch_choice_benchmark_data_totally_synthetic,./benchmark_results_aurora_20250428,all,5,50000,0.03,-1,x86_64,16,NVIDIA GeForce RTX 3090,2025-04-28,num_items_experiment_large
30000,37.45851182937622,(user_latents|item) + (item_latents|constant),3,60788.1953125,50,3525,"ChoiceDataset(num_items=50, num_users=500, num_sessions=30000, label=[], item_index=[30000], user_index=[30000], session_index=[30000], item_availability=[], user_latents=[500, 30], item_latents=[50, 30], device=cuda:0)","3.9.15 (main, Nov 24 2022, 14:31:59) 
[GCC 11.2.0]",2.5.1+cu124,1.0.6,cuda,/home/tianyudu/Development/torch-choice/paper_performance_benchmarks/torch_choice_benchmark_data_totally_synthetic,./benchmark_results_aurora_20250428,all,5,50000,0.03,-1,x86_64,16,NVIDIA GeForce RTX 3090,2025-04-28,num_items_experiment_large
30000,33.4018657207489,(user_latents|item) + (item_latents|constant),3,78739.6640625,100,2883,"ChoiceDataset(num_items=100, num_users=500, num_sessions=30000, label=[], item_index=[30000], user_index=[30000], session_index=[30000], item_availability=[], user_latents=[500, 30], item_latents=[100, 30], device=cuda:0)","3.9.15 (main, Nov 24 2022, 14:31:59) 
[GCC 11.2.0]",2.5.1+cu124,1.0.6,cuda,/home/tianyudu/Development/torch-choice/paper_performance_benchmarks/torch_choice_benchmark_data_totally_synthetic,./benchmark_results_aurora_20250428,all,5,50000,0.03,-1,x86_64,16,NVIDIA GeForce RTX 3090,2025-04-28,num_items_experiment_large
30000,26.92877435684204,(user_latents|item) + (item_latents|constant),3,92192.6171875,150,2150,"ChoiceDataset(num_items=150, num_users=500, num_sessions=30000, label=[], item_index=[30000], user_index=[30000], session_index=[30000], item_availability=[], user_latents=[500, 30], item_latents=[150, 30], device=cuda:0)","3.9.15 (main, Nov 24 2022, 14:31:59) 
[GCC 11.2.0]",2.5.1+cu124,1.0.6,cuda,/home/tianyudu/Development/torch-choice/paper_performance_benchmarks/torch_choice_benchmark_data_totally_synthetic,./benchmark_results_aurora_20250428,all,5,50000,0.03,-1,x86_64,16,NVIDIA GeForce RTX 3090,2025-04-28,num_items_experiment_large
30000,37.91738939285278,(user_latents|item) + (item_latents|constant),3,102698.140625,200,2783,"ChoiceDataset(num_items=200, num_users=500, num_sessions=30000, label=[], item_index=[30000], user_index=[30000], session_index=[30000], item_availability=[], user_latents=[500, 30], item_latents=[200, 30], device=cuda:0)","3.9.15 (main, Nov 24 2022, 14:31:59) 
[GCC 11.2.0]",2.5.1+cu124,1.0.6,cuda,/home/tianyudu/Development/torch-choice/paper_performance_benchmarks/torch_choice_benchmark_data_totally_synthetic,./benchmark_results_aurora_20250428,all,5,50000,0.03,-1,x86_64,16,NVIDIA GeForce RTX 3090,2025-04-28,num_items_experiment_large
30000,42.68888711929321,(user_latents|item) + (item_latents|constant),3,107662.140625,250,2868,"ChoiceDataset(num_items=250, num_users=500, num_sessions=30000, label=[], item_index=[30000], user_index=[30000], session_index=[30000], item_availability=[], user_latents=[500, 30], item_latents=[250, 30], device=cuda:0)","3.9.15 (main, Nov 24 2022, 14:31:59) 
[GCC 11.2.0]",2.5.1+cu124,1.0.6,cuda,/home/tianyudu/Development/torch-choice/paper_performance_benchmarks/torch_choice_benchmark_data_totally_synthetic,./benchmark_results_aurora_20250428,all,5,50000,0.03,-1,x86_64,16,NVIDIA GeForce RTX 3090,2025-04-28,num_items_experiment_large
30000,50.16839265823364,(user_latents|item) + (item_latents|constant),3,110871.7265625,300,2972,"ChoiceDataset(num_items=300, num_users=500, num_sessions=30000, label=[], item_index=[30000], user_index=[30000], session_index=[30000], item_availability=[], user_latents=[500, 30], item_latents=[300, 30], device=cuda:0)","3.9.15 (main, Nov 24 2022, 14:31:59) 
[GCC 11.2.0]",2.5.1+cu124,1.0.6,cuda,/home/tianyudu/Development/torch-choice/paper_performance_benchmarks/torch_choice_benchmark_data_totally_synthetic,./benchmark_results_aurora_20250428,all,5,50000,0.03,-1,x86_64,16,NVIDIA GeForce RTX 3090,2025-04-28,num_items_experiment_large
30000,51.526965856552124,(user_latents|item) + (item_latents|constant),3,118281.453125,350,2686,"ChoiceDataset(num_items=350, num_users=500, num_sessions=30000, label=[], item_index=[30000], user_index=[30000], session_index=[30000], item_availability=[], user_latents=[500, 30], item_latents=[350, 30], device=cuda:0)","3.9.15 (main, Nov 24 2022, 14:31:59) 
[GCC 11.2.0]",2.5.1+cu124,1.0.6,cuda,/home/tianyudu/Development/torch-choice/paper_performance_benchmarks/torch_choice_benchmark_data_totally_synthetic,./benchmark_results_aurora_20250428,all,5,50000,0.03,-1,x86_64,16,NVIDIA GeForce RTX 3090,2025-04-28,num_items_experiment_large
30000,63.070552110672,(user_latents|item) + (item_latents|constant),3,124159.1875,400,2950,"ChoiceDataset(num_items=400, num_users=500, num_sessions=30000, label=[], item_index=[30000], user_index=[30000], session_index=[30000], item_availability=[], user_latents=[500, 30], item_latents=[400, 30], device=cuda:0)","3.9.15 (main, Nov 24 2022, 14:31:59) 
[GCC 11.2.0]",2.5.1+cu124,1.0.6,cuda,/home/tianyudu/Development/torch-choice/paper_performance_benchmarks/torch_choice_benchmark_data_totally_synthetic,./benchmark_results_aurora_20250428,all,5,50000,0.03,-1,x86_64,16,NVIDIA GeForce RTX 3090,2025-04-28,num_items_experiment_large
30000,66.64802479743958,(user_latents|item) + (item_latents|constant),3,129111.796875,450,2732,"ChoiceDataset(num_items=450, num_users=500, num_sessions=30000, label=[], item_index=[30000], user_index=[30000], session_index=[30000], item_availability=[], user_latents=[500, 30], item_latents=[450, 30], device=cuda:0)","3.9.15 (main, Nov 24 2022, 14:31:59) 
[GCC 11.2.0]",2.5.1+cu124,1.0.6,cuda,/home/tianyudu/Development/torch-choice/paper_performance_benchmarks/torch_choice_benchmark_data_totally_synthetic,./benchmark_results_aurora_20250428,all,5,50000,0.03,-1,x86_64,16,NVIDIA GeForce RTX 3090,2025-04-28,num_items_experiment_large
30000,60.21791958808899,(user_latents|item) + (item_latents|constant),3,129392.75,500,2240,"ChoiceDataset(num_items=500, num_users=500, num_sessions=30000, label=[], item_index=[30000], user_index=[30000], session_index=[30000], item_availability=[], user_latents=[500, 30], item_latents=[500, 30], device=cuda:0)","3.9.15 (main, Nov 24 2022, 14:31:59) 
[GCC 11.2.0]",2.5.1+cu124,1.0.6,cuda,/home/tianyudu/Development/torch-choice/paper_performance_benchmarks/torch_choice_benchmark_data_totally_synthetic,./benchmark_results_aurora_20250428,all,5,50000,0.03,-1,x86_64,16,NVIDIA GeForce RTX 3090,2025-04-28,num_items_experiment_large
30000,23.363537311553955,(user_latents|item),3,59596.1796875,10,2428,"ChoiceDataset(num_items=10, num_users=500, num_sessions=30000, label=[], item_index=[30000], user_index=[30000], session_index=[30000], item_availability=[], user_latents=[500, 30], item_latents=[10, 30], device=cuda:0)","3.9.15 (main, Nov 24 2022, 14:31:59) 
[GCC 11.2.0]",2.5.1+cu124,1.0.6,cuda,/home/tianyudu/Development/torch-choice/paper_performance_benchmarks/torch_choice_benchmark_data_totally_synthetic,./benchmark_results_aurora_20250428,all,5,50000,0.03,-1,x86_64,16,NVIDIA GeForce RTX 3090,2025-04-28,num_items_experiment_large
30000,41.440335512161255,(user_latents|item),3,31905.875,20,4212,"ChoiceDataset(num_items=20, num_users=500, num_sessions=30000, label=[], item_index=[30000], user_index=[30000], session_index=[30000], item_availability=[], user_latents=[500, 30], item_latents=[20, 30], device=cuda:0)","3.9.15 (main, Nov 24 2022, 14:31:59) 
[GCC 11.2.0]",2.5.1+cu124,1.0.6,cuda,/home/tianyudu/Development/torch-choice/paper_performance_benchmarks/torch_choice_benchmark_data_totally_synthetic,./benchmark_results_aurora_20250428,all,5,50000,0.03,-1,x86_64,16,NVIDIA GeForce RTX 3090,2025-04-28,num_items_experiment_large
30000,33.41891932487488,(user_latents|item),3,41659.71875,30,3374,"ChoiceDataset(num_items=30, num_users=500, num_sessions=30000, label=[], item_index=[30000], user_index=[30000], session_index=[30000], item_availability=[], user_latents=[500, 30], item_latents=[30, 30], device=cuda:0)","3.9.15 (main, Nov 24 2022, 14:31:59) 
[GCC 11.2.0]",2.5.1+cu124,1.0.6,cuda,/home/tianyudu/Development/torch-choice/paper_performance_benchmarks/torch_choice_benchmark_data_totally_synthetic,./benchmark_results_aurora_20250428,all,5,50000,0.03,-1,x86_64,16,NVIDIA GeForce RTX 3090,2025-04-28,num_items_experiment_large
30000,33.76980137825012,(user_latents|item),3,60786.46484375,50,3350,"ChoiceDataset(num_items=50, num_users=500, num_sessions=30000, label=[], item_index=[30000], user_index=[30000], session_index=[30000], item_availability=[], user_latents=[500, 30], item_latents=[50, 30], device=cuda:0)","3.9.15 (main, Nov 24 2022, 14:31:59) 
[GCC 11.2.0]",2.5.1+cu124,1.0.6,cuda,/home/tianyudu/Development/torch-choice/paper_performance_benchmarks/torch_choice_benchmark_data_totally_synthetic,./benchmark_results_aurora_20250428,all,5,50000,0.03,-1,x86_64,16,NVIDIA GeForce RTX 3090,2025-04-28,num_items_experiment_large
30000,36.652132511138916,(user_latents|item),3,78730.046875,100,3440,"ChoiceDataset(num_items=100, num_users=500, num_sessions=30000, label=[], item_index=[30000], user_index=[30000], session_index=[30000], item_availability=[], user_latents=[500, 30], item_latents=[100, 30], device=cuda:0)","3.9.15 (main, Nov 24 2022, 14:31:59) 
[GCC 11.2.0]",2.5.1+cu124,1.0.6,cuda,/home/tianyudu/Development/torch-choice/paper_performance_benchmarks/torch_choice_benchmark_data_totally_synthetic,./benchmark_results_aurora_20250428,all,5,50000,0.03,-1,x86_64,16,NVIDIA GeForce RTX 3090,2025-04-28,num_items_experiment_large
30000,32.03551530838013,(user_latents|item),3,92192.921875,150,2850,"ChoiceDataset(num_items=150, num_users=500, num_sessions=30000, label=[], item_index=[30000], user_index=[30000], session_index=[30000], item_availability=[], user_latents=[500, 30], item_latents=[150, 30], device=cuda:0)","3.9.15 (main, Nov 24 2022, 14:31:59) 
[GCC 11.2.0]",2.5.1+cu124,1.0.6,cuda,/home/tianyudu/Development/torch-choice/paper_performance_benchmarks/torch_choice_benchmark_data_totally_synthetic,./benchmark_results_aurora_20250428,all,5,50000,0.03,-1,x86_64,16,NVIDIA GeForce RTX 3090,2025-04-28,num_items_experiment_large
30000,37.82505178451538,(user_latents|item),3,102693.734375,200,3213,"ChoiceDataset(num_items=200, num_users=500, num_sessions=30000, label=[], item_index=[30000], user_index=[30000], session_index=[30000], item_availability=[], user_latents=[500, 30], item_latents=[200, 30], device=cuda:0)","3.9.15 (main, Nov 24 2022, 14:31:59) 
[GCC 11.2.0]",2.5.1+cu124,1.0.6,cuda,/home/tianyudu/Development/torch-choice/paper_performance_benchmarks/torch_choice_benchmark_data_totally_synthetic,./benchmark_results_aurora_20250428,all,5,50000,0.03,-1,x86_64,16,NVIDIA GeForce RTX 3090,2025-04-28,num_items_experiment_large
30000,42.656365633010864,(user_latents|item),3,107664.640625,250,3490,"ChoiceDataset(num_items=250, num_users=500, num_sessions=30000, label=[], item_index=[30000], user_index=[30000], session_index=[30000], item_availability=[], user_latents=[500, 30], item_latents=[250, 30], device=cuda:0)","3.9.15 (main, Nov 24 2022, 14:31:59) 
[GCC 11.2.0]",2.5.1+cu124,1.0.6,cuda,/home/tianyudu/Development/torch-choice/paper_performance_benchmarks/torch_choice_benchmark_data_totally_synthetic,./benchmark_results_aurora_20250428,all,5,50000,0.03,-1,x86_64,16,NVIDIA GeForce RTX 3090,2025-04-28,num_items_experiment_large
30000,38.503504514694214,(user_latents|item),3,110813.515625,300,2999,"ChoiceDataset(num_items=300, num_users=500, num_sessions=30000, label=[], item_index=[30000], user_index=[30000], session_index=[30000], item_availability=[], user_latents=[500, 30], item_latents=[300, 30], device=cuda:0)","3.9.15 (main, Nov 24 2022, 14:31:59) 
[GCC 11.2.0]",2.5.1+cu124,1.0.6,cuda,/home/tianyudu/Development/torch-choice/paper_performance_benchmarks/torch_choice_benchmark_data_totally_synthetic,./benchmark_results_aurora_20250428,all,5,50000,0.03,-1,x86_64,16,NVIDIA GeForce RTX 3090,2025-04-28,num_items_experiment_large
30000,44.228185176849365,(user_latents|item),3,118252.59375,350,3280,"ChoiceDataset(num_items=350, num_users=500, num_sessions=30000, label=[], item_index=[30000], user_index=[30000], session_index=[30000], item_availability=[], user_latents=[500, 30], item_latents=[350, 30], device=cuda:0)","3.9.15 (main, Nov 24 2022, 14:31:59) 
[GCC 11.2.0]",2.5.1+cu124,1.0.6,cuda,/home/tianyudu/Development/torch-choice/paper_performance_benchmarks/torch_choice_benchmark_data_totally_synthetic,./benchmark_results_aurora_20250428,all,5,50000,0.03,-1,x86_64,16,NVIDIA GeForce RTX 3090,2025-04-28,num_items_experiment_large
30000,45.862282037734985,(user_latents|item),3,124179.1875,400,3231,"ChoiceDataset(num_items=400, num_users=500, num_sessions=30000, label=[], item_index=[30000], user_index=[30000], session_index=[30000], item_availability=[], user_latents=[500, 30], item_latents=[400, 30], device=cuda:0)","3.9.15 (main, Nov 24 2022, 14:31:59) 
[GCC 11.2.0]",2.5.1+cu124,1.0.6,cuda,/home/tianyudu/Development/torch-choice/paper_performance_benchmarks/torch_choice_benchmark_data_totally_synthetic,./benchmark_results_aurora_20250428,all,5,50000,0.03,-1,x86_64,16,NVIDIA GeForce RTX 3090,2025-04-28,num_items_experiment_large
30000,47.83332848548889,(user_latents|item),3,129096.78125,450,3192,"ChoiceDataset(num_items=450, num_users=500, num_sessions=30000, label=[], item_index=[30000], user_index=[30000], session_index=[30000], item_availability=[], user_latents=[500, 30], item_latents=[450, 30], device=cuda:0)","3.9.15 (main, Nov 24 2022, 14:31:59) 
[GCC 11.2.0]",2.5.1+cu124,1.0.6,cuda,/home/tianyudu/Development/torch-choice/paper_performance_benchmarks/torch_choice_benchmark_data_totally_synthetic,./benchmark_results_aurora_20250428,all,5,50000,0.03,-1,x86_64,16,NVIDIA GeForce RTX 3090,2025-04-28,num_items_experiment_large
30000,48.54750967025757,(user_latents|item),3,129259.671875,500,3101,"ChoiceDataset(num_items=500, num_users=500, num_sessions=30000, label=[], item_index=[30000], user_index=[30000], session_index=[30000], item_availability=[], user_latents=[500, 30], item_latents=[500, 30], device=cuda:0)","3.9.15 (main, Nov 24 2022, 14:31:59) 
[GCC 11.2.0]",2.5.1+cu124,1.0.6,cuda,/home/tianyudu/Development/torch-choice/paper_performance_benchmarks/torch_choice_benchmark_data_totally_synthetic,./benchmark_results_aurora_20250428,all,5,50000,0.03,-1,x86_64,16,NVIDIA GeForce RTX 3090,2025-04-28,num_items_experiment_large
30000,7.1391565799713135,(item_latents|constant),3,65203.55859375,10,742,"ChoiceDataset(num_items=10, num_users=500, num_sessions=30000, label=[], item_index=[30000], user_index=[30000], session_index=[30000], item_availability=[], user_latents=[500, 30], item_latents=[10, 30], device=cuda:0)","3.9.15 (main, Nov 24 2022, 14:31:59) 
[GCC 11.2.0]",2.5.1+cu124,1.0.6,cuda,/home/tianyudu/Development/torch-choice/paper_performance_benchmarks/torch_choice_benchmark_data_totally_synthetic,./benchmark_results_aurora_20250428,all,5,50000,0.03,-1,x86_64,16,NVIDIA GeForce RTX 3090,2025-04-28,num_items_experiment_large
30000,20.840599536895752,(item_latents|constant),3,47038.828125,20,2103,"ChoiceDataset(num_items=20, num_users=500, num_sessions=30000, label=[], item_index=[30000], user_index=[30000], session_index=[30000], item_availability=[], user_latents=[500, 30], item_latents=[20, 30], device=cuda:0)","3.9.15 (main, Nov 24 2022, 14:31:59) 
[GCC 11.2.0]",2.5.1+cu124,1.0.6,cuda,/home/tianyudu/Development/torch-choice/paper_performance_benchmarks/torch_choice_benchmark_data_totally_synthetic,./benchmark_results_aurora_20250428,all,5,50000,0.03,-1,x86_64,16,NVIDIA GeForce RTX 3090,2025-04-28,num_items_experiment_large
30000,49.428348541259766,(item_latents|constant),3,63257.7109375,30,5048,"ChoiceDataset(num_items=30, num_users=500, num_sessions=30000, label=[], item_index=[30000], user_index=[30000], session_index=[30000], item_availability=[], user_latents=[500, 30], item_latents=[30, 30], device=cuda:0)","3.9.15 (main, Nov 24 2022, 14:31:59) 
[GCC 11.2.0]",2.5.1+cu124,1.0.6,cuda,/home/tianyudu/Development/torch-choice/paper_performance_benchmarks/torch_choice_benchmark_data_totally_synthetic,./benchmark_results_aurora_20250428,all,5,50000,0.03,-1,x86_64,16,NVIDIA GeForce RTX 3090,2025-04-28,num_items_experiment_large
30000,23.887749671936035,(item_latents|constant),3,83093.015625,50,2401,"ChoiceDataset(num_items=50, num_users=500, num_sessions=30000, label=[], item_index=[30000], user_index=[30000], session_index=[30000], item_availability=[], user_latents=[500, 30], item_latents=[50, 30], device=cuda:0)","3.9.15 (main, Nov 24 2022, 14:31:59) 
[GCC 11.2.0]",2.5.1+cu124,1.0.6,cuda,/home/tianyudu/Development/torch-choice/paper_performance_benchmarks/torch_choice_benchmark_data_totally_synthetic,./benchmark_results_aurora_20250428,all,5,50000,0.03,-1,x86_64,16,NVIDIA GeForce RTX 3090,2025-04-28,num_items_experiment_large
30000,20.327340126037598,(item_latents|constant),3,106751.921875,100,1953,"ChoiceDataset(num_items=100, num_users=500, num_sessions=30000, label=[], item_index=[30000], user_index=[30000], session_index=[30000], item_availability=[], user_latents=[500, 30], item_latents=[100, 30], device=cuda:0)","3.9.15 (main, Nov 24 2022, 14:31:59) 
[GCC 11.2.0]",2.5.1+cu124,1.0.6,cuda,/home/tianyudu/Development/torch-choice/paper_performance_benchmarks/torch_choice_benchmark_data_totally_synthetic,./benchmark_results_aurora_20250428,all,5,50000,0.03,-1,x86_64,16,NVIDIA GeForce RTX 3090,2025-04-28,num_items_experiment_large
30000,19.11813759803772,(item_latents|constant),3,125412.03125,150,1764,"ChoiceDataset(num_items=150, num_users=500, num_sessions=30000, label=[], item_index=[30000], user_index=[30000], session_index=[30000], item_availability=[], user_latents=[500, 30], item_latents=[150, 30], device=cuda:0)","3.9.15 (main, Nov 24 2022, 14:31:59) 
[GCC 11.2.0]",2.5.1+cu124,1.0.6,cuda,/home/tianyudu/Development/torch-choice/paper_performance_benchmarks/torch_choice_benchmark_data_totally_synthetic,./benchmark_results_aurora_20250428,all,5,50000,0.03,-1,x86_64,16,NVIDIA GeForce RTX 3090,2025-04-28,num_items_experiment_large
30000,17.72386360168457,(item_latents|constant),3,139843.03125,200,1551,"ChoiceDataset(num_items=200, num_users=500, num_sessions=30000, label=[], item_index=[30000], user_index=[30000], session_index=[30000], item_availability=[], user_latents=[500, 30], item_latents=[200, 30], device=cuda:0)","3.9.15 (main, Nov 24 2022, 14:31:59) 
[GCC 11.2.0]",2.5.1+cu124,1.0.6,cuda,/home/tianyudu/Development/torch-choice/paper_performance_benchmarks/torch_choice_benchmark_data_totally_synthetic,./benchmark_results_aurora_20250428,all,5,50000,0.03,-1,x86_64,16,NVIDIA GeForce RTX 3090,2025-04-28,num_items_experiment_large
30000,15.164172649383545,(item_latents|constant),3,148824.59375,250,1288,"ChoiceDataset(num_items=250, num_users=500, num_sessions=30000, label=[], item_index=[30000], user_index=[30000], session_index=[30000], item_availability=[], user_latents=[500, 30], item_latents=[250, 30], device=cuda:0)","3.9.15 (main, Nov 24 2022, 14:31:59) 
[GCC 11.2.0]",2.5.1+cu124,1.0.6,cuda,/home/tianyudu/Development/torch-choice/paper_performance_benchmarks/torch_choice_benchmark_data_totally_synthetic,./benchmark_results_aurora_20250428,all,5,50000,0.03,-1,x86_64,16,NVIDIA GeForce RTX 3090,2025-04-28,num_items_experiment_large
30000,14.837714672088623,(item_latents|constant),3,158905.53125,300,1215,"ChoiceDataset(num_items=300, num_users=500, num_sessions=30000, label=[], item_index=[30000], user_index=[30000], session_index=[30000], item_availability=[], user_latents=[500, 30], item_latents=[300, 30], device=cuda:0)","3.9.15 (main, Nov 24 2022, 14:31:59) 
[GCC 11.2.0]",2.5.1+cu124,1.0.6,cuda,/home/tianyudu/Development/torch-choice/paper_performance_benchmarks/torch_choice_benchmark_data_totally_synthetic,./benchmark_results_aurora_20250428,all,5,50000,0.03,-1,x86_64,16,NVIDIA GeForce RTX 3090,2025-04-28,num_items_experiment_large
30000,15.366585493087769,(item_latents|constant),3,165066.921875,350,1208,"ChoiceDataset(num_items=350, num_users=500, num_sessions=30000, label=[], item_index=[30000], user_index=[30000], session_index=[30000], item_availability=[], user_latents=[500, 30], item_latents=[350, 30], device=cuda:0)","3.9.15 (main, Nov 24 2022, 14:31:59) 
[GCC 11.2.0]",2.5.1+cu124,1.0.6,cuda,/home/tianyudu/Development/torch-choice/paper_performance_benchmarks/torch_choice_benchmark_data_totally_synthetic,./benchmark_results_aurora_20250428,all,5,50000,0.03,-1,x86_64,16,NVIDIA GeForce RTX 3090,2025-04-28,num_items_experiment_large
30000,14.061625957489014,(item_latents|constant),3,169950.84375,400,1072,"ChoiceDataset(num_items=400, num_users=500, num_sessions=30000, label=[], item_index=[30000], user_index=[30000], session_index=[30000], item_availability=[], user_latents=[500, 30], item_latents=[400, 30], device=cuda:0)","3.9.15 (main, Nov 24 2022, 14:31:59) 
[GCC 11.2.0]",2.5.1+cu124,1.0.6,cuda,/home/tianyudu/Development/torch-choice/paper_performance_benchmarks/torch_choice_benchmark_data_totally_synthetic,./benchmark_results_aurora_20250428,all,5,50000,0.03,-1,x86_64,16,NVIDIA GeForce RTX 3090,2025-04-28,num_items_experiment_large
30000,14.225576639175415,(item_latents|constant),3,174794.46875,450,1046,"ChoiceDataset(num_items=450, num_users=500, num_sessions=30000, label=[], item_index=[30000], user_index=[30000], session_index=[30000], item_availability=[], user_latents=[500, 30], item_latents=[450, 30], device=cuda:0)","3.9.15 (main, Nov 24 2022, 14:31:59) 
[GCC 11.2.0]",2.5.1+cu124,1.0.6,cuda,/home/tianyudu/Development/torch-choice/paper_performance_benchmarks/torch_choice_benchmark_data_totally_synthetic,./benchmark_results_aurora_20250428,all,5,50000,0.03,-1,x86_64,16,NVIDIA GeForce RTX 3090,2025-04-28,num_items_experiment_large
30000,13.958917617797852,(item_latents|constant),3,178015.5625,500,984,"ChoiceDataset(num_items=500, num_users=500, num_sessions=30000, label=[], item_index=[30000], user_index=[30000], session_index=[30000], item_availability=[], user_latents=[500, 30], item_latents=[500, 30], device=cuda:0)","3.9.15 (main, Nov 24 2022, 14:31:59) 
[GCC 11.2.0]",2.5.1+cu124,1.0.6,cuda,/home/tianyudu/Development/torch-choice/paper_performance_benchmarks/torch_choice_benchmark_data_totally_synthetic,./benchmark_results_aurora_20250428,all,5,50000,0.03,-1,x86_64,16,NVIDIA GeForce RTX 3090,2025-04-28,num_items_experiment_large
30000,16.406105995178223,(user_latents|item) + (item_latents|constant),4,59583.6171875,10,1672,"ChoiceDataset(num_items=10, num_users=500, num_sessions=30000, label=[], item_index=[30000], user_index=[30000], session_index=[30000], item_availability=[], user_latents=[500, 30], item_latents=[10, 30], device=cuda:0)","3.9.15 (main, Nov 24 2022, 14:31:59) 
[GCC 11.2.0]",2.5.1+cu124,1.0.6,cuda,/home/tianyudu/Development/torch-choice/paper_performance_benchmarks/torch_choice_benchmark_data_totally_synthetic,./benchmark_results_aurora_20250428,all,5,50000,0.03,-1,x86_64,16,NVIDIA GeForce RTX 3090,2025-04-28,num_items_experiment_large
30000,30.270784616470337,(user_latents|item) + (item_latents|constant),4,32005.712890625,20,3000,"ChoiceDataset(num_items=20, num_users=500, num_sessions=30000, label=[], item_index=[30000], user_index=[30000], session_index=[30000], item_availability=[], user_latents=[500, 30], item_latents=[20, 30], device=cuda:0)","3.9.15 (main, Nov 24 2022, 14:31:59) 
[GCC 11.2.0]",2.5.1+cu124,1.0.6,cuda,/home/tianyudu/Development/torch-choice/paper_performance_benchmarks/torch_choice_benchmark_data_totally_synthetic,./benchmark_results_aurora_20250428,all,5,50000,0.03,-1,x86_64,16,NVIDIA GeForce RTX 3090,2025-04-28,num_items_experiment_large
30000,31.0006046295166,(user_latents|item) + (item_latents|constant),4,41654.1484375,30,3063,"ChoiceDataset(num_items=30, num_users=500, num_sessions=30000, label=[], item_index=[30000], user_index=[30000], session_index=[30000], item_availability=[], user_latents=[500, 30], item_latents=[30, 30], device=cuda:0)","3.9.15 (main, Nov 24 2022, 14:31:59) 
[GCC 11.2.0]",2.5.1+cu124,1.0.6,cuda,/home/tianyudu/Development/torch-choice/paper_performance_benchmarks/torch_choice_benchmark_data_totally_synthetic,./benchmark_results_aurora_20250428,all,5,50000,0.03,-1,x86_64,16,NVIDIA GeForce RTX 3090,2025-04-28,num_items_experiment_large
30000,31.232122659683228,(user_latents|item) + (item_latents|constant),4,60802.80078125,50,2931,"ChoiceDataset(num_items=50, num_users=500, num_sessions=30000, label=[], item_index=[30000], user_index=[30000], session_index=[30000], item_availability=[], user_latents=[500, 30], item_latents=[50, 30], device=cuda:0)","3.9.15 (main, Nov 24 2022, 14:31:59) 
[GCC 11.2.0]",2.5.1+cu124,1.0.6,cuda,/home/tianyudu/Development/torch-choice/paper_performance_benchmarks/torch_choice_benchmark_data_totally_synthetic,./benchmark_results_aurora_20250428,all,5,50000,0.03,-1,x86_64,16,NVIDIA GeForce RTX 3090,2025-04-28,num_items_experiment_large
30000,33.260409355163574,(user_latents|item) + (item_latents|constant),4,78752.421875,100,2860,"ChoiceDataset(num_items=100, num_users=500, num_sessions=30000, label=[], item_index=[30000], user_index=[30000], session_index=[30000], item_availability=[], user_latents=[500, 30], item_latents=[100, 30], device=cuda:0)","3.9.15 (main, Nov 24 2022, 14:31:59) 
[GCC 11.2.0]",2.5.1+cu124,1.0.6,cuda,/home/tianyudu/Development/torch-choice/paper_performance_benchmarks/torch_choice_benchmark_data_totally_synthetic,./benchmark_results_aurora_20250428,all,5,50000,0.03,-1,x86_64,16,NVIDIA GeForce RTX 3090,2025-04-28,num_items_experiment_large
30000,28.23046088218689,(user_latents|item) + (item_latents|constant),4,92232.4375,150,2249,"ChoiceDataset(num_items=150, num_users=500, num_sessions=30000, label=[], item_index=[30000], user_index=[30000], session_index=[30000], item_availability=[], user_latents=[500, 30], item_latents=[150, 30], device=cuda:0)","3.9.15 (main, Nov 24 2022, 14:31:59) 
[GCC 11.2.0]",2.5.1+cu124,1.0.6,cuda,/home/tianyudu/Development/torch-choice/paper_performance_benchmarks/torch_choice_benchmark_data_totally_synthetic,./benchmark_results_aurora_20250428,all,5,50000,0.03,-1,x86_64,16,NVIDIA GeForce RTX 3090,2025-04-28,num_items_experiment_large
30000,39.034013509750366,(user_latents|item) + (item_latents|constant),4,102747.109375,200,2861,"ChoiceDataset(num_items=200, num_users=500, num_sessions=30000, label=[], item_index=[30000], user_index=[30000], session_index=[30000], item_availability=[], user_latents=[500, 30], item_latents=[200, 30], device=cuda:0)","3.9.15 (main, Nov 24 2022, 14:31:59) 
[GCC 11.2.0]",2.5.1+cu124,1.0.6,cuda,/home/tianyudu/Development/torch-choice/paper_performance_benchmarks/torch_choice_benchmark_data_totally_synthetic,./benchmark_results_aurora_20250428,all,5,50000,0.03,-1,x86_64,16,NVIDIA GeForce RTX 3090,2025-04-28,num_items_experiment_large
30000,33.14384889602661,(user_latents|item) + (item_latents|constant),4,107741.5,250,2228,"ChoiceDataset(num_items=250, num_users=500, num_sessions=30000, label=[], item_index=[30000], user_index=[30000], session_index=[30000], item_availability=[], user_latents=[500, 30], item_latents=[250, 30], device=cuda:0)","3.9.15 (main, Nov 24 2022, 14:31:59) 
[GCC 11.2.0]",2.5.1+cu124,1.0.6,cuda,/home/tianyudu/Development/torch-choice/paper_performance_benchmarks/torch_choice_benchmark_data_totally_synthetic,./benchmark_results_aurora_20250428,all,5,50000,0.03,-1,x86_64,16,NVIDIA GeForce RTX 3090,2025-04-28,num_items_experiment_large
30000,43.297136306762695,(user_latents|item) + (item_latents|constant),4,110867.96875,300,2565,"ChoiceDataset(num_items=300, num_users=500, num_sessions=30000, label=[], item_index=[30000], user_index=[30000], session_index=[30000], item_availability=[], user_latents=[500, 30], item_latents=[300, 30], device=cuda:0)","3.9.15 (main, Nov 24 2022, 14:31:59) 
[GCC 11.2.0]",2.5.1+cu124,1.0.6,cuda,/home/tianyudu/Development/torch-choice/paper_performance_benchmarks/torch_choice_benchmark_data_totally_synthetic,./benchmark_results_aurora_20250428,all,5,50000,0.03,-1,x86_64,16,NVIDIA GeForce RTX 3090,2025-04-28,num_items_experiment_large
30000,54.43159604072571,(user_latents|item) + (item_latents|constant),4,118233.3828125,350,2839,"ChoiceDataset(num_items=350, num_users=500, num_sessions=30000, label=[], item_index=[30000], user_index=[30000], session_index=[30000], item_availability=[], user_latents=[500, 30], item_latents=[350, 30], device=cuda:0)","3.9.15 (main, Nov 24 2022, 14:31:59) 
[GCC 11.2.0]",2.5.1+cu124,1.0.6,cuda,/home/tianyudu/Development/torch-choice/paper_performance_benchmarks/torch_choice_benchmark_data_totally_synthetic,./benchmark_results_aurora_20250428,all,5,50000,0.03,-1,x86_64,16,NVIDIA GeForce RTX 3090,2025-04-28,num_items_experiment_large
30000,54.80455780029297,(user_latents|item) + (item_latents|constant),4,124182.921875,400,2563,"ChoiceDataset(num_items=400, num_users=500, num_sessions=30000, label=[], item_index=[30000], user_index=[30000], session_index=[30000], item_availability=[], user_latents=[500, 30], item_latents=[400, 30], device=cuda:0)","3.9.15 (main, Nov 24 2022, 14:31:59) 
[GCC 11.2.0]",2.5.1+cu124,1.0.6,cuda,/home/tianyudu/Development/torch-choice/paper_performance_benchmarks/torch_choice_benchmark_data_totally_synthetic,./benchmark_results_aurora_20250428,all,5,50000,0.03,-1,x86_64,16,NVIDIA GeForce RTX 3090,2025-04-28,num_items_experiment_large
30000,69.50526428222656,(user_latents|item) + (item_latents|constant),4,129113.359375,450,2852,"ChoiceDataset(num_items=450, num_users=500, num_sessions=30000, label=[], item_index=[30000], user_index=[30000], session_index=[30000], item_availability=[], user_latents=[500, 30], item_latents=[450, 30], device=cuda:0)","3.9.15 (main, Nov 24 2022, 14:31:59) 
[GCC 11.2.0]",2.5.1+cu124,1.0.6,cuda,/home/tianyudu/Development/torch-choice/paper_performance_benchmarks/torch_choice_benchmark_data_totally_synthetic,./benchmark_results_aurora_20250428,all,5,50000,0.03,-1,x86_64,16,NVIDIA GeForce RTX 3090,2025-04-28,num_items_experiment_large
30000,64.43353700637817,(user_latents|item) + (item_latents|constant),4,129356.4375,500,2402,"ChoiceDataset(num_items=500, num_users=500, num_sessions=30000, label=[], item_index=[30000], user_index=[30000], session_index=[30000], item_availability=[], user_latents=[500, 30], item_latents=[500, 30], device=cuda:0)","3.9.15 (main, Nov 24 2022, 14:31:59) 
[GCC 11.2.0]",2.5.1+cu124,1.0.6,cuda,/home/tianyudu/Development/torch-choice/paper_performance_benchmarks/torch_choice_benchmark_data_totally_synthetic,./benchmark_results_aurora_20250428,all,5,50000,0.03,-1,x86_64,16,NVIDIA GeForce RTX 3090,2025-04-28,num_items_experiment_large
30000,21.169334650039673,(user_latents|item),4,59596.609375,10,2182,"ChoiceDataset(num_items=10, num_users=500, num_sessions=30000, label=[], item_index=[30000], user_index=[30000], session_index=[30000], item_availability=[], user_latents=[500, 30], item_latents=[10, 30], device=cuda:0)","3.9.15 (main, Nov 24 2022, 14:31:59) 
[GCC 11.2.0]",2.5.1+cu124,1.0.6,cuda,/home/tianyudu/Development/torch-choice/paper_performance_benchmarks/torch_choice_benchmark_data_totally_synthetic,./benchmark_results_aurora_20250428,all,5,50000,0.03,-1,x86_64,16,NVIDIA GeForce RTX 3090,2025-04-28,num_items_experiment_large
30000,41.60851693153381,(user_latents|item),4,31908.59765625,20,4223,"ChoiceDataset(num_items=20, num_users=500, num_sessions=30000, label=[], item_index=[30000], user_index=[30000], session_index=[30000], item_availability=[], user_latents=[500, 30], item_latents=[20, 30], device=cuda:0)","3.9.15 (main, Nov 24 2022, 14:31:59) 
[GCC 11.2.0]",2.5.1+cu124,1.0.6,cuda,/home/tianyudu/Development/torch-choice/paper_performance_benchmarks/torch_choice_benchmark_data_totally_synthetic,./benchmark_results_aurora_20250428,all,5,50000,0.03,-1,x86_64,16,NVIDIA GeForce RTX 3090,2025-04-28,num_items_experiment_large
30000,38.31323790550232,(user_latents|item),4,41656.57421875,30,3848,"ChoiceDataset(num_items=30, num_users=500, num_sessions=30000, label=[], item_index=[30000], user_index=[30000], session_index=[30000], item_availability=[], user_latents=[500, 30], item_latents=[30, 30], device=cuda:0)","3.9.15 (main, Nov 24 2022, 14:31:59) 
[GCC 11.2.0]",2.5.1+cu124,1.0.6,cuda,/home/tianyudu/Development/torch-choice/paper_performance_benchmarks/torch_choice_benchmark_data_totally_synthetic,./benchmark_results_aurora_20250428,all,5,50000,0.03,-1,x86_64,16,NVIDIA GeForce RTX 3090,2025-04-28,num_items_experiment_large
30000,34.82848143577576,(user_latents|item),4,60785.3828125,50,3433,"ChoiceDataset(num_items=50, num_users=500, num_sessions=30000, label=[], item_index=[30000], user_index=[30000], session_index=[30000], item_availability=[], user_latents=[500, 30], item_latents=[50, 30], device=cuda:0)","3.9.15 (main, Nov 24 2022, 14:31:59) 
[GCC 11.2.0]",2.5.1+cu124,1.0.6,cuda,/home/tianyudu/Development/torch-choice/paper_performance_benchmarks/torch_choice_benchmark_data_totally_synthetic,./benchmark_results_aurora_20250428,all,5,50000,0.03,-1,x86_64,16,NVIDIA GeForce RTX 3090,2025-04-28,num_items_experiment_large
30000,28.45907688140869,(user_latents|item),4,78735.21875,100,2675,"ChoiceDataset(num_items=100, num_users=500, num_sessions=30000, label=[], item_index=[30000], user_index=[30000], session_index=[30000], item_availability=[], user_latents=[500, 30], item_latents=[100, 30], device=cuda:0)","3.9.15 (main, Nov 24 2022, 14:31:59) 
[GCC 11.2.0]",2.5.1+cu124,1.0.6,cuda,/home/tianyudu/Development/torch-choice/paper_performance_benchmarks/torch_choice_benchmark_data_totally_synthetic,./benchmark_results_aurora_20250428,all,5,50000,0.03,-1,x86_64,16,NVIDIA GeForce RTX 3090,2025-04-28,num_items_experiment_large
30000,32.389981508255005,(user_latents|item),4,92186.4296875,150,2892,"ChoiceDataset(num_items=150, num_users=500, num_sessions=30000, label=[], item_index=[30000], user_index=[30000], session_index=[30000], item_availability=[], user_latents=[500, 30], item_latents=[150, 30], device=cuda:0)","3.9.15 (main, Nov 24 2022, 14:31:59) 
[GCC 11.2.0]",2.5.1+cu124,1.0.6,cuda,/home/tianyudu/Development/torch-choice/paper_performance_benchmarks/torch_choice_benchmark_data_totally_synthetic,./benchmark_results_aurora_20250428,all,5,50000,0.03,-1,x86_64,16,NVIDIA GeForce RTX 3090,2025-04-28,num_items_experiment_large
30000,36.13397216796875,(user_latents|item),4,102690.9609375,200,3063,"ChoiceDataset(num_items=200, num_users=500, num_sessions=30000, label=[], item_index=[30000], user_index=[30000], session_index=[30000], item_availability=[], user_latents=[500, 30], item_latents=[200, 30], device=cuda:0)","3.9.15 (main, Nov 24 2022, 14:31:59) 
[GCC 11.2.0]",2.5.1+cu124,1.0.6,cuda,/home/tianyudu/Development/torch-choice/paper_performance_benchmarks/torch_choice_benchmark_data_totally_synthetic,./benchmark_results_aurora_20250428,all,5,50000,0.03,-1,x86_64,16,NVIDIA GeForce RTX 3090,2025-04-28,num_items_experiment_large
30000,34.55065441131592,(user_latents|item),4,107671.453125,250,2817,"ChoiceDataset(num_items=250, num_users=500, num_sessions=30000, label=[], item_index=[30000], user_index=[30000], session_index=[30000], item_availability=[], user_latents=[500, 30], item_latents=[250, 30], device=cuda:0)","3.9.15 (main, Nov 24 2022, 14:31:59) 
[GCC 11.2.0]",2.5.1+cu124,1.0.6,cuda,/home/tianyudu/Development/torch-choice/paper_performance_benchmarks/torch_choice_benchmark_data_totally_synthetic,./benchmark_results_aurora_20250428,all,5,50000,0.03,-1,x86_64,16,NVIDIA GeForce RTX 3090,2025-04-28,num_items_experiment_large
30000,34.862545013427734,(user_latents|item),4,110809.0,300,2702,"ChoiceDataset(num_items=300, num_users=500, num_sessions=30000, label=[], item_index=[30000], user_index=[30000], session_index=[30000], item_availability=[], user_latents=[500, 30], item_latents=[300, 30], device=cuda:0)","3.9.15 (main, Nov 24 2022, 14:31:59) 
[GCC 11.2.0]",2.5.1+cu124,1.0.6,cuda,/home/tianyudu/Development/torch-choice/paper_performance_benchmarks/torch_choice_benchmark_data_totally_synthetic,./benchmark_results_aurora_20250428,all,5,50000,0.03,-1,x86_64,16,NVIDIA GeForce RTX 3090,2025-04-28,num_items_experiment_large
30000,42.41536331176758,(user_latents|item),4,118249.140625,350,3129,"ChoiceDataset(num_items=350, num_users=500, num_sessions=30000, label=[], item_index=[30000], user_index=[30000], session_index=[30000], item_availability=[], user_latents=[500, 30], item_latents=[350, 30], device=cuda:0)","3.9.15 (main, Nov 24 2022, 14:31:59) 
[GCC 11.2.0]",2.5.1+cu124,1.0.6,cuda,/home/tianyudu/Development/torch-choice/paper_performance_benchmarks/torch_choice_benchmark_data_totally_synthetic,./benchmark_results_aurora_20250428,all,5,50000,0.03,-1,x86_64,16,NVIDIA GeForce RTX 3090,2025-04-28,num_items_experiment_large
30000,42.45699143409729,(user_latents|item),4,124181.203125,400,2977,"ChoiceDataset(num_items=400, num_users=500, num_sessions=30000, label=[], item_index=[30000], user_index=[30000], session_index=[30000], item_availability=[], user_latents=[500, 30], item_latents=[400, 30], device=cuda:0)","3.9.15 (main, Nov 24 2022, 14:31:59) 
[GCC 11.2.0]",2.5.1+cu124,1.0.6,cuda,/home/tianyudu/Development/torch-choice/paper_performance_benchmarks/torch_choice_benchmark_data_totally_synthetic,./benchmark_results_aurora_20250428,all,5,50000,0.03,-1,x86_64,16,NVIDIA GeForce RTX 3090,2025-04-28,num_items_experiment_large
30000,48.1499240398407,(user_latents|item),4,129106.921875,450,3211,"ChoiceDataset(num_items=450, num_users=500, num_sessions=30000, label=[], item_index=[30000], user_index=[30000], session_index=[30000], item_availability=[], user_latents=[500, 30], item_latents=[450, 30], device=cuda:0)","3.9.15 (main, Nov 24 2022, 14:31:59) 
[GCC 11.2.0]",2.5.1+cu124,1.0.6,cuda,/home/tianyudu/Development/torch-choice/paper_performance_benchmarks/torch_choice_benchmark_data_totally_synthetic,./benchmark_results_aurora_20250428,all,5,50000,0.03,-1,x86_64,16,NVIDIA GeForce RTX 3090,2025-04-28,num_items_experiment_large
30000,49.072235345840454,(user_latents|item),4,129257.3671875,500,3124,"ChoiceDataset(num_items=500, num_users=500, num_sessions=30000, label=[], item_index=[30000], user_index=[30000], session_index=[30000], item_availability=[], user_latents=[500, 30], item_latents=[500, 30], device=cuda:0)","3.9.15 (main, Nov 24 2022, 14:31:59) 
[GCC 11.2.0]",2.5.1+cu124,1.0.6,cuda,/home/tianyudu/Development/torch-choice/paper_performance_benchmarks/torch_choice_benchmark_data_totally_synthetic,./benchmark_results_aurora_20250428,all,5,50000,0.03,-1,x86_64,16,NVIDIA GeForce RTX 3090,2025-04-28,num_items_experiment_large
30000,8.181932926177979,(item_latents|constant),4,65203.5546875,10,849,"ChoiceDataset(num_items=10, num_users=500, num_sessions=30000, label=[], item_index=[30000], user_index=[30000], session_index=[30000], item_availability=[], user_latents=[500, 30], item_latents=[10, 30], device=cuda:0)","3.9.15 (main, Nov 24 2022, 14:31:59) 
[GCC 11.2.0]",2.5.1+cu124,1.0.6,cuda,/home/tianyudu/Development/torch-choice/paper_performance_benchmarks/torch_choice_benchmark_data_totally_synthetic,./benchmark_results_aurora_20250428,all,5,50000,0.03,-1,x86_64,16,NVIDIA GeForce RTX 3090,2025-04-28,num_items_experiment_large
30000,41.20760440826416,(item_latents|constant),4,47038.8046875,20,4205,"ChoiceDataset(num_items=20, num_users=500, num_sessions=30000, label=[], item_index=[30000], user_index=[30000], session_index=[30000], item_availability=[], user_latents=[500, 30], item_latents=[20, 30], device=cuda:0)","3.9.15 (main, Nov 24 2022, 14:31:59) 
[GCC 11.2.0]",2.5.1+cu124,1.0.6,cuda,/home/tianyudu/Development/torch-choice/paper_performance_benchmarks/torch_choice_benchmark_data_totally_synthetic,./benchmark_results_aurora_20250428,all,5,50000,0.03,-1,x86_64,16,NVIDIA GeForce RTX 3090,2025-04-28,num_items_experiment_large
30000,80.87045931816101,(item_latents|constant),4,63253.91796875,30,8268,"ChoiceDataset(num_items=30, num_users=500, num_sessions=30000, label=[], item_index=[30000], user_index=[30000], session_index=[30000], item_availability=[], user_latents=[500, 30], item_latents=[30, 30], device=cuda:0)","3.9.15 (main, Nov 24 2022, 14:31:59) 
[GCC 11.2.0]",2.5.1+cu124,1.0.6,cuda,/home/tianyudu/Development/torch-choice/paper_performance_benchmarks/torch_choice_benchmark_data_totally_synthetic,./benchmark_results_aurora_20250428,all,5,50000,0.03,-1,x86_64,16,NVIDIA GeForce RTX 3090,2025-04-28,num_items_experiment_large
30000,47.451035499572754,(item_latents|constant),4,83093.03125,50,4757,"ChoiceDataset(num_items=50, num_users=500, num_sessions=30000, label=[], item_index=[30000], user_index=[30000], session_index=[30000], item_availability=[], user_latents=[500, 30], item_latents=[50, 30], device=cuda:0)","3.9.15 (main, Nov 24 2022, 14:31:59) 
[GCC 11.2.0]",2.5.1+cu124,1.0.6,cuda,/home/tianyudu/Development/torch-choice/paper_performance_benchmarks/torch_choice_benchmark_data_totally_synthetic,./benchmark_results_aurora_20250428,all,5,50000,0.03,-1,x86_64,16,NVIDIA GeForce RTX 3090,2025-04-28,num_items_experiment_large
30000,31.77434539794922,(item_latents|constant),4,106751.921875,100,3057,"ChoiceDataset(num_items=100, num_users=500, num_sessions=30000, label=[], item_index=[30000], user_index=[30000], session_index=[30000], item_availability=[], user_latents=[500, 30], item_latents=[100, 30], device=cuda:0)","3.9.15 (main, Nov 24 2022, 14:31:59) 
[GCC 11.2.0]",2.5.1+cu124,1.0.6,cuda,/home/tianyudu/Development/torch-choice/paper_performance_benchmarks/torch_choice_benchmark_data_totally_synthetic,./benchmark_results_aurora_20250428,all,5,50000,0.03,-1,x86_64,16,NVIDIA GeForce RTX 3090,2025-04-28,num_items_experiment_large
30000,27.90324091911316,(item_latents|constant),4,125412.03125,150,2594,"ChoiceDataset(num_items=150, num_users=500, num_sessions=30000, label=[], item_index=[30000], user_index=[30000], session_index=[30000], item_availability=[], user_latents=[500, 30], item_latents=[150, 30], device=cuda:0)","3.9.15 (main, Nov 24 2022, 14:31:59) 
[GCC 11.2.0]",2.5.1+cu124,1.0.6,cuda,/home/tianyudu/Development/torch-choice/paper_performance_benchmarks/torch_choice_benchmark_data_totally_synthetic,./benchmark_results_aurora_20250428,all,5,50000,0.03,-1,x86_64,16,NVIDIA GeForce RTX 3090,2025-04-28,num_items_experiment_large
30000,22.627870321273804,(item_latents|constant),4,139843.03125,200,2017,"ChoiceDataset(num_items=200, num_users=500, num_sessions=30000, label=[], item_index=[30000], user_index=[30000], session_index=[30000], item_availability=[], user_latents=[500, 30], item_latents=[200, 30], device=cuda:0)","3.9.15 (main, Nov 24 2022, 14:31:59) 
[GCC 11.2.0]",2.5.1+cu124,1.0.6,cuda,/home/tianyudu/Development/torch-choice/paper_performance_benchmarks/torch_choice_benchmark_data_totally_synthetic,./benchmark_results_aurora_20250428,all,5,50000,0.03,-1,x86_64,16,NVIDIA GeForce RTX 3090,2025-04-28,num_items_experiment_large
30000,22.20024013519287,(item_latents|constant),4,148824.59375,250,1880,"ChoiceDataset(num_items=250, num_users=500, num_sessions=30000, label=[], item_index=[30000], user_index=[30000], session_index=[30000], item_availability=[], user_latents=[500, 30], item_latents=[250, 30], device=cuda:0)","3.9.15 (main, Nov 24 2022, 14:31:59) 
[GCC 11.2.0]",2.5.1+cu124,1.0.6,cuda,/home/tianyudu/Development/torch-choice/paper_performance_benchmarks/torch_choice_benchmark_data_totally_synthetic,./benchmark_results_aurora_20250428,all,5,50000,0.03,-1,x86_64,16,NVIDIA GeForce RTX 3090,2025-04-28,num_items_experiment_large
30000,22.31683111190796,(item_latents|constant),4,158905.53125,300,1821,"ChoiceDataset(num_items=300, num_users=500, num_sessions=30000, label=[], item_index=[30000], user_index=[30000], session_index=[30000], item_availability=[], user_latents=[500, 30], item_latents=[300, 30], device=cuda:0)","3.9.15 (main, Nov 24 2022, 14:31:59) 
[GCC 11.2.0]",2.5.1+cu124,1.0.6,cuda,/home/tianyudu/Development/torch-choice/paper_performance_benchmarks/torch_choice_benchmark_data_totally_synthetic,./benchmark_results_aurora_20250428,all,5,50000,0.03,-1,x86_64,16,NVIDIA GeForce RTX 3090,2025-04-28,num_items_experiment_large
30000,22.491360902786255,(item_latents|constant),4,165066.9375,350,1766,"ChoiceDataset(num_items=350, num_users=500, num_sessions=30000, label=[], item_index=[30000], user_index=[30000], session_index=[30000], item_availability=[], user_latents=[500, 30], item_latents=[350, 30], device=cuda:0)","3.9.15 (main, Nov 24 2022, 14:31:59) 
[GCC 11.2.0]",2.5.1+cu124,1.0.6,cuda,/home/tianyudu/Development/torch-choice/paper_performance_benchmarks/torch_choice_benchmark_data_totally_synthetic,./benchmark_results_aurora_20250428,all,5,50000,0.03,-1,x86_64,16,NVIDIA GeForce RTX 3090,2025-04-28,num_items_experiment_large
30000,21.32481288909912,(item_latents|constant),4,169950.84375,400,1624,"ChoiceDataset(num_items=400, num_users=500, num_sessions=30000, label=[], item_index=[30000], user_index=[30000], session_index=[30000], item_availability=[], user_latents=[500, 30], item_latents=[400, 30], device=cuda:0)","3.9.15 (main, Nov 24 2022, 14:31:59) 
[GCC 11.2.0]",2.5.1+cu124,1.0.6,cuda,/home/tianyudu/Development/torch-choice/paper_performance_benchmarks/torch_choice_benchmark_data_totally_synthetic,./benchmark_results_aurora_20250428,all,5,50000,0.03,-1,x86_64,16,NVIDIA GeForce RTX 3090,2025-04-28,num_items_experiment_large
30000,22.25897717475891,(item_latents|constant),4,174794.46875,450,1630,"ChoiceDataset(num_items=450, num_users=500, num_sessions=30000, label=[], item_index=[30000], user_index=[30000], session_index=[30000], item_availability=[], user_latents=[500, 30], item_latents=[450, 30], device=cuda:0)","3.9.15 (main, Nov 24 2022, 14:31:59) 
[GCC 11.2.0]",2.5.1+cu124,1.0.6,cuda,/home/tianyudu/Development/torch-choice/paper_performance_benchmarks/torch_choice_benchmark_data_totally_synthetic,./benchmark_results_aurora_20250428,all,5,50000,0.03,-1,x86_64,16,NVIDIA GeForce RTX 3090,2025-04-28,num_items_experiment_large
30000,22.718467712402344,(item_latents|constant),4,178015.5625,500,1603,"ChoiceDataset(num_items=500, num_users=500, num_sessions=30000, label=[], item_index=[30000], user_index=[30000], session_index=[30000], item_availability=[], user_latents=[500, 30], item_latents=[500, 30], device=cuda:0)","3.9.15 (main, Nov 24 2022, 14:31:59) 
[GCC 11.2.0]",2.5.1+cu124,1.0.6,cuda,/home/tianyudu/Development/torch-choice/paper_performance_benchmarks/torch_choice_benchmark_data_totally_synthetic,./benchmark_results_aurora_20250428,all,5,50000,0.03,-1,x86_64,16,NVIDIA GeForce RTX 3090,2025-04-28,num_items_experiment_large
