num_records,time,formula,seed,best_loss,num_items,epochs_run,dataset,python_version,torch_version,torch_choice_version,device,command,data_path,output_path,experiment_name,num_seeds,num_epochs,learning_rate,batch_size,smoke_test,optimizer,cpu_name,cpu_count,gpu_name,task
30000,15.640343427658081,(user_latents|item) + (item_latents|constant),0,64829.421875,10,1494,"ChoiceDataset(num_items=10, num_users=500, num_sessions=30000, label=[], item_index=[30000], user_index=[30000], session_index=[30000], item_availability=[], user_latents=[500, 30], item_latents=[10, 30], device=cuda:0)","3.12.11 (main, Jul 23 2025, 00:34:44) [Clang 20.1.4 ]",2.9.1+cu128,1.0.6,auto,torch-choice,/home/tianyudu/Development/torch-choice/replication/paper_performance_benchmarks/runs/20260103_031639/synthetic_data,/home/tianyudu/Development/torch-choice/replication/paper_performance_benchmarks/runs/20260103_031639/benchmark_results,all,5,50000,0.03,-1,False,Adam,x86_64,16,NVIDIA GeForce RTX 3090,num_items_experiment_large
30000,44.515406131744385,(user_latents|item) + (item_latents|constant),0,29668.30078125,20,4160,"ChoiceDataset(num_items=20, num_users=500, num_sessions=30000, label=[], item_index=[30000], user_index=[30000], session_index=[30000], item_availability=[], user_latents=[500, 30], item_latents=[20, 30], device=cuda:0)","3.12.11 (main, Jul 23 2025, 00:34:44) [Clang 20.1.4 ]",2.9.1+cu128,1.0.6,auto,torch-choice,/home/tianyudu/Development/torch-choice/replication/paper_performance_benchmarks/runs/20260103_031639/synthetic_data,/home/tianyudu/Development/torch-choice/replication/paper_performance_benchmarks/runs/20260103_031639/benchmark_results,all,5,50000,0.03,-1,False,Adam,x86_64,16,NVIDIA GeForce RTX 3090,num_items_experiment_large
30000,22.77424192428589,(user_latents|item) + (item_latents|constant),0,92903.796875,30,2083,"ChoiceDataset(num_items=30, num_users=500, num_sessions=30000, label=[], item_index=[30000], user_index=[30000], session_index=[30000], item_availability=[], user_latents=[500, 30], item_latents=[30, 30], device=cuda:0)","3.12.11 (main, Jul 23 2025, 00:34:44) [Clang 20.1.4 ]",2.9.1+cu128,1.0.6,auto,torch-choice,/home/tianyudu/Development/torch-choice/replication/paper_performance_benchmarks/runs/20260103_031639/synthetic_data,/home/tianyudu/Development/torch-choice/replication/paper_performance_benchmarks/runs/20260103_031639/benchmark_results,all,5,50000,0.03,-1,False,Adam,x86_64,16,NVIDIA GeForce RTX 3090,num_items_experiment_large
30000,31.031169414520264,(user_latents|item) + (item_latents|constant),0,90244.125,50,2759,"ChoiceDataset(num_items=50, num_users=500, num_sessions=30000, label=[], item_index=[30000], user_index=[30000], session_index=[30000], item_availability=[], user_latents=[500, 30], item_latents=[50, 30], device=cuda:0)","3.12.11 (main, Jul 23 2025, 00:34:44) [Clang 20.1.4 ]",2.9.1+cu128,1.0.6,auto,torch-choice,/home/tianyudu/Development/torch-choice/replication/paper_performance_benchmarks/runs/20260103_031639/synthetic_data,/home/tianyudu/Development/torch-choice/replication/paper_performance_benchmarks/runs/20260103_031639/benchmark_results,all,5,50000,0.03,-1,False,Adam,x86_64,16,NVIDIA GeForce RTX 3090,num_items_experiment_large
30000,43.2917115688324,(user_latents|item) + (item_latents|constant),0,130834.9453125,100,3515,"ChoiceDataset(num_items=100, num_users=500, num_sessions=30000, label=[], item_index=[30000], user_index=[30000], session_index=[30000], item_availability=[], user_latents=[500, 30], item_latents=[100, 30], device=cuda:0)","3.12.11 (main, Jul 23 2025, 00:34:44) [Clang 20.1.4 ]",2.9.1+cu128,1.0.6,auto,torch-choice,/home/tianyudu/Development/torch-choice/replication/paper_performance_benchmarks/runs/20260103_031639/synthetic_data,/home/tianyudu/Development/torch-choice/replication/paper_performance_benchmarks/runs/20260103_031639/benchmark_results,all,5,50000,0.03,-1,False,Adam,x86_64,16,NVIDIA GeForce RTX 3090,num_items_experiment_large
30000,33.91655492782593,(user_latents|item) + (item_latents|constant),0,89856.6640625,150,2538,"ChoiceDataset(num_items=150, num_users=500, num_sessions=30000, label=[], item_index=[30000], user_index=[30000], session_index=[30000], item_availability=[], user_latents=[500, 30], item_latents=[150, 30], device=cuda:0)","3.12.11 (main, Jul 23 2025, 00:34:44) [Clang 20.1.4 ]",2.9.1+cu128,1.0.6,auto,torch-choice,/home/tianyudu/Development/torch-choice/replication/paper_performance_benchmarks/runs/20260103_031639/synthetic_data,/home/tianyudu/Development/torch-choice/replication/paper_performance_benchmarks/runs/20260103_031639/benchmark_results,all,5,50000,0.03,-1,False,Adam,x86_64,16,NVIDIA GeForce RTX 3090,num_items_experiment_large
30000,30.57817769050598,(user_latents|item) + (item_latents|constant),0,127404.6875,200,2090,"ChoiceDataset(num_items=200, num_users=500, num_sessions=30000, label=[], item_index=[30000], user_index=[30000], session_index=[30000], item_availability=[], user_latents=[500, 30], item_latents=[200, 30], device=cuda:0)","3.12.11 (main, Jul 23 2025, 00:34:44) [Clang 20.1.4 ]",2.9.1+cu128,1.0.6,auto,torch-choice,/home/tianyudu/Development/torch-choice/replication/paper_performance_benchmarks/runs/20260103_031639/synthetic_data,/home/tianyudu/Development/torch-choice/replication/paper_performance_benchmarks/runs/20260103_031639/benchmark_results,all,5,50000,0.03,-1,False,Adam,x86_64,16,NVIDIA GeForce RTX 3090,num_items_experiment_large
30000,37.87815737724304,(user_latents|item) + (item_latents|constant),0,111995.109375,250,2340,"ChoiceDataset(num_items=250, num_users=500, num_sessions=30000, label=[], item_index=[30000], user_index=[30000], session_index=[30000], item_availability=[], user_latents=[500, 30], item_latents=[250, 30], device=cuda:0)","3.12.11 (main, Jul 23 2025, 00:34:44) [Clang 20.1.4 ]",2.9.1+cu128,1.0.6,auto,torch-choice,/home/tianyudu/Development/torch-choice/replication/paper_performance_benchmarks/runs/20260103_031639/synthetic_data,/home/tianyudu/Development/torch-choice/replication/paper_performance_benchmarks/runs/20260103_031639/benchmark_results,all,5,50000,0.03,-1,False,Adam,x86_64,16,NVIDIA GeForce RTX 3090,num_items_experiment_large
30000,49.5780086517334,(user_latents|item) + (item_latents|constant),0,110735.25,300,2708,"ChoiceDataset(num_items=300, num_users=500, num_sessions=30000, label=[], item_index=[30000], user_index=[30000], session_index=[30000], item_availability=[], user_latents=[500, 30], item_latents=[300, 30], device=cuda:0)","3.12.11 (main, Jul 23 2025, 00:34:44) [Clang 20.1.4 ]",2.9.1+cu128,1.0.6,auto,torch-choice,/home/tianyudu/Development/torch-choice/replication/paper_performance_benchmarks/runs/20260103_031639/synthetic_data,/home/tianyudu/Development/torch-choice/replication/paper_performance_benchmarks/runs/20260103_031639/benchmark_results,all,5,50000,0.03,-1,False,Adam,x86_64,16,NVIDIA GeForce RTX 3090,num_items_experiment_large
30000,48.70112466812134,(user_latents|item) + (item_latents|constant),0,114155.4765625,350,2349,"ChoiceDataset(num_items=350, num_users=500, num_sessions=30000, label=[], item_index=[30000], user_index=[30000], session_index=[30000], item_availability=[], user_latents=[500, 30], item_latents=[350, 30], device=cuda:0)","3.12.11 (main, Jul 23 2025, 00:34:44) [Clang 20.1.4 ]",2.9.1+cu128,1.0.6,auto,torch-choice,/home/tianyudu/Development/torch-choice/replication/paper_performance_benchmarks/runs/20260103_031639/synthetic_data,/home/tianyudu/Development/torch-choice/replication/paper_performance_benchmarks/runs/20260103_031639/benchmark_results,all,5,50000,0.03,-1,False,Adam,x86_64,16,NVIDIA GeForce RTX 3090,num_items_experiment_large
30000,53.57546305656433,(user_latents|item) + (item_latents|constant),0,115428.53125,400,2352,"ChoiceDataset(num_items=400, num_users=500, num_sessions=30000, label=[], item_index=[30000], user_index=[30000], session_index=[30000], item_availability=[], user_latents=[500, 30], item_latents=[400, 30], device=cuda:0)","3.12.11 (main, Jul 23 2025, 00:34:44) [Clang 20.1.4 ]",2.9.1+cu128,1.0.6,auto,torch-choice,/home/tianyudu/Development/torch-choice/replication/paper_performance_benchmarks/runs/20260103_031639/synthetic_data,/home/tianyudu/Development/torch-choice/replication/paper_performance_benchmarks/runs/20260103_031639/benchmark_results,all,5,50000,0.03,-1,False,Adam,x86_64,16,NVIDIA GeForce RTX 3090,num_items_experiment_large
30000,65.61345434188843,(user_latents|item) + (item_latents|constant),0,121511.21875,450,2569,"ChoiceDataset(num_items=450, num_users=500, num_sessions=30000, label=[], item_index=[30000], user_index=[30000], session_index=[30000], item_availability=[], user_latents=[500, 30], item_latents=[450, 30], device=cuda:0)","3.12.11 (main, Jul 23 2025, 00:34:44) [Clang 20.1.4 ]",2.9.1+cu128,1.0.6,auto,torch-choice,/home/tianyudu/Development/torch-choice/replication/paper_performance_benchmarks/runs/20260103_031639/synthetic_data,/home/tianyudu/Development/torch-choice/replication/paper_performance_benchmarks/runs/20260103_031639/benchmark_results,all,5,50000,0.03,-1,False,Adam,x86_64,16,NVIDIA GeForce RTX 3090,num_items_experiment_large
30000,70.19440603256226,(user_latents|item) + (item_latents|constant),0,125746.8515625,500,2461,"ChoiceDataset(num_items=500, num_users=500, num_sessions=30000, label=[], item_index=[30000], user_index=[30000], session_index=[30000], item_availability=[], user_latents=[500, 30], item_latents=[500, 30], device=cuda:0)","3.12.11 (main, Jul 23 2025, 00:34:44) [Clang 20.1.4 ]",2.9.1+cu128,1.0.6,auto,torch-choice,/home/tianyudu/Development/torch-choice/replication/paper_performance_benchmarks/runs/20260103_031639/synthetic_data,/home/tianyudu/Development/torch-choice/replication/paper_performance_benchmarks/runs/20260103_031639/benchmark_results,all,5,50000,0.03,-1,False,Adam,x86_64,16,NVIDIA GeForce RTX 3090,num_items_experiment_large
30000,19.443017721176147,(user_latents|item),0,64824.6796875,10,1813,"ChoiceDataset(num_items=10, num_users=500, num_sessions=30000, label=[], item_index=[30000], user_index=[30000], session_index=[30000], item_availability=[], user_latents=[500, 30], item_latents=[10, 30], device=cuda:0)","3.12.11 (main, Jul 23 2025, 00:34:44) [Clang 20.1.4 ]",2.9.1+cu128,1.0.6,auto,torch-choice,/home/tianyudu/Development/torch-choice/replication/paper_performance_benchmarks/runs/20260103_031639/synthetic_data,/home/tianyudu/Development/torch-choice/replication/paper_performance_benchmarks/runs/20260103_031639/benchmark_results,all,5,50000,0.03,-1,False,Adam,x86_64,16,NVIDIA GeForce RTX 3090,num_items_experiment_large
30000,40.55633997917175,(user_latents|item),0,29668.01171875,20,3721,"ChoiceDataset(num_items=20, num_users=500, num_sessions=30000, label=[], item_index=[30000], user_index=[30000], session_index=[30000], item_availability=[], user_latents=[500, 30], item_latents=[20, 30], device=cuda:0)","3.12.11 (main, Jul 23 2025, 00:34:44) [Clang 20.1.4 ]",2.9.1+cu128,1.0.6,auto,torch-choice,/home/tianyudu/Development/torch-choice/replication/paper_performance_benchmarks/runs/20260103_031639/synthetic_data,/home/tianyudu/Development/torch-choice/replication/paper_performance_benchmarks/runs/20260103_031639/benchmark_results,all,5,50000,0.03,-1,False,Adam,x86_64,16,NVIDIA GeForce RTX 3090,num_items_experiment_large
30000,28.310380458831787,(user_latents|item),0,92858.3515625,30,2576,"ChoiceDataset(num_items=30, num_users=500, num_sessions=30000, label=[], item_index=[30000], user_index=[30000], session_index=[30000], item_availability=[], user_latents=[500, 30], item_latents=[30, 30], device=cuda:0)","3.12.11 (main, Jul 23 2025, 00:34:44) [Clang 20.1.4 ]",2.9.1+cu128,1.0.6,auto,torch-choice,/home/tianyudu/Development/torch-choice/replication/paper_performance_benchmarks/runs/20260103_031639/synthetic_data,/home/tianyudu/Development/torch-choice/replication/paper_performance_benchmarks/runs/20260103_031639/benchmark_results,all,5,50000,0.03,-1,False,Adam,x86_64,16,NVIDIA GeForce RTX 3090,num_items_experiment_large
30000,32.785622358322144,(user_latents|item),0,90246.3984375,50,2943,"ChoiceDataset(num_items=50, num_users=500, num_sessions=30000, label=[], item_index=[30000], user_index=[30000], session_index=[30000], item_availability=[], user_latents=[500, 30], item_latents=[50, 30], device=cuda:0)","3.12.11 (main, Jul 23 2025, 00:34:44) [Clang 20.1.4 ]",2.9.1+cu128,1.0.6,auto,torch-choice,/home/tianyudu/Development/torch-choice/replication/paper_performance_benchmarks/runs/20260103_031639/synthetic_data,/home/tianyudu/Development/torch-choice/replication/paper_performance_benchmarks/runs/20260103_031639/benchmark_results,all,5,50000,0.03,-1,False,Adam,x86_64,16,NVIDIA GeForce RTX 3090,num_items_experiment_large
30000,42.320619106292725,(user_latents|item),0,130807.234375,100,3640,"ChoiceDataset(num_items=100, num_users=500, num_sessions=30000, label=[], item_index=[30000], user_index=[30000], session_index=[30000], item_availability=[], user_latents=[500, 30], item_latents=[100, 30], device=cuda:0)","3.12.11 (main, Jul 23 2025, 00:34:44) [Clang 20.1.4 ]",2.9.1+cu128,1.0.6,auto,torch-choice,/home/tianyudu/Development/torch-choice/replication/paper_performance_benchmarks/runs/20260103_031639/synthetic_data,/home/tianyudu/Development/torch-choice/replication/paper_performance_benchmarks/runs/20260103_031639/benchmark_results,all,5,50000,0.03,-1,False,Adam,x86_64,16,NVIDIA GeForce RTX 3090,num_items_experiment_large
30000,30.504356861114502,(user_latents|item),0,89817.125,150,2503,"ChoiceDataset(num_items=150, num_users=500, num_sessions=30000, label=[], item_index=[30000], user_index=[30000], session_index=[30000], item_availability=[], user_latents=[500, 30], item_latents=[150, 30], device=cuda:0)","3.12.11 (main, Jul 23 2025, 00:34:44) [Clang 20.1.4 ]",2.9.1+cu128,1.0.6,auto,torch-choice,/home/tianyudu/Development/torch-choice/replication/paper_performance_benchmarks/runs/20260103_031639/synthetic_data,/home/tianyudu/Development/torch-choice/replication/paper_performance_benchmarks/runs/20260103_031639/benchmark_results,all,5,50000,0.03,-1,False,Adam,x86_64,16,NVIDIA GeForce RTX 3090,num_items_experiment_large
30000,39.46036338806152,(user_latents|item),0,127261.84375,200,3069,"ChoiceDataset(num_items=200, num_users=500, num_sessions=30000, label=[], item_index=[30000], user_index=[30000], session_index=[30000], item_availability=[], user_latents=[500, 30], item_latents=[200, 30], device=cuda:0)","3.12.11 (main, Jul 23 2025, 00:34:44) [Clang 20.1.4 ]",2.9.1+cu128,1.0.6,auto,torch-choice,/home/tianyudu/Development/torch-choice/replication/paper_performance_benchmarks/runs/20260103_031639/synthetic_data,/home/tianyudu/Development/torch-choice/replication/paper_performance_benchmarks/runs/20260103_031639/benchmark_results,all,5,50000,0.03,-1,False,Adam,x86_64,16,NVIDIA GeForce RTX 3090,num_items_experiment_large
30000,35.98255920410156,(user_latents|item),0,111984.59375,250,2702,"ChoiceDataset(num_items=250, num_users=500, num_sessions=30000, label=[], item_index=[30000], user_index=[30000], session_index=[30000], item_availability=[], user_latents=[500, 30], item_latents=[250, 30], device=cuda:0)","3.12.11 (main, Jul 23 2025, 00:34:44) [Clang 20.1.4 ]",2.9.1+cu128,1.0.6,auto,torch-choice,/home/tianyudu/Development/torch-choice/replication/paper_performance_benchmarks/runs/20260103_031639/synthetic_data,/home/tianyudu/Development/torch-choice/replication/paper_performance_benchmarks/runs/20260103_031639/benchmark_results,all,5,50000,0.03,-1,False,Adam,x86_64,16,NVIDIA GeForce RTX 3090,num_items_experiment_large
30000,46.73584699630737,(user_latents|item),0,110708.09375,300,3347,"ChoiceDataset(num_items=300, num_users=500, num_sessions=30000, label=[], item_index=[30000], user_index=[30000], session_index=[30000], item_availability=[], user_latents=[500, 30], item_latents=[300, 30], device=cuda:0)","3.12.11 (main, Jul 23 2025, 00:34:44) [Clang 20.1.4 ]",2.9.1+cu128,1.0.6,auto,torch-choice,/home/tianyudu/Development/torch-choice/replication/paper_performance_benchmarks/runs/20260103_031639/synthetic_data,/home/tianyudu/Development/torch-choice/replication/paper_performance_benchmarks/runs/20260103_031639/benchmark_results,all,5,50000,0.03,-1,False,Adam,x86_64,16,NVIDIA GeForce RTX 3090,num_items_experiment_large
30000,45.97767472267151,(user_latents|item),0,114137.046875,350,3145,"ChoiceDataset(num_items=350, num_users=500, num_sessions=30000, label=[], item_index=[30000], user_index=[30000], session_index=[30000], item_availability=[], user_latents=[500, 30], item_latents=[350, 30], device=cuda:0)","3.12.11 (main, Jul 23 2025, 00:34:44) [Clang 20.1.4 ]",2.9.1+cu128,1.0.6,auto,torch-choice,/home/tianyudu/Development/torch-choice/replication/paper_performance_benchmarks/runs/20260103_031639/synthetic_data,/home/tianyudu/Development/torch-choice/replication/paper_performance_benchmarks/runs/20260103_031639/benchmark_results,all,5,50000,0.03,-1,False,Adam,x86_64,16,NVIDIA GeForce RTX 3090,num_items_experiment_large
30000,43.657909870147705,(user_latents|item),0,115317.796875,400,2845,"ChoiceDataset(num_items=400, num_users=500, num_sessions=30000, label=[], item_index=[30000], user_index=[30000], session_index=[30000], item_availability=[], user_latents=[500, 30], item_latents=[400, 30], device=cuda:0)","3.12.11 (main, Jul 23 2025, 00:34:44) [Clang 20.1.4 ]",2.9.1+cu128,1.0.6,auto,torch-choice,/home/tianyudu/Development/torch-choice/replication/paper_performance_benchmarks/runs/20260103_031639/synthetic_data,/home/tianyudu/Development/torch-choice/replication/paper_performance_benchmarks/runs/20260103_031639/benchmark_results,all,5,50000,0.03,-1,False,Adam,x86_64,16,NVIDIA GeForce RTX 3090,num_items_experiment_large
30000,47.295531272888184,(user_latents|item),0,121505.84375,450,2923,"ChoiceDataset(num_items=450, num_users=500, num_sessions=30000, label=[], item_index=[30000], user_index=[30000], session_index=[30000], item_availability=[], user_latents=[500, 30], item_latents=[450, 30], device=cuda:0)","3.12.11 (main, Jul 23 2025, 00:34:44) [Clang 20.1.4 ]",2.9.1+cu128,1.0.6,auto,torch-choice,/home/tianyudu/Development/torch-choice/replication/paper_performance_benchmarks/runs/20260103_031639/synthetic_data,/home/tianyudu/Development/torch-choice/replication/paper_performance_benchmarks/runs/20260103_031639/benchmark_results,all,5,50000,0.03,-1,False,Adam,x86_64,16,NVIDIA GeForce RTX 3090,num_items_experiment_large
30000,50.70015549659729,(user_latents|item),0,125723.203125,500,2967,"ChoiceDataset(num_items=500, num_users=500, num_sessions=30000, label=[], item_index=[30000], user_index=[30000], session_index=[30000], item_availability=[], user_latents=[500, 30], item_latents=[500, 30], device=cuda:0)","3.12.11 (main, Jul 23 2025, 00:34:44) [Clang 20.1.4 ]",2.9.1+cu128,1.0.6,auto,torch-choice,/home/tianyudu/Development/torch-choice/replication/paper_performance_benchmarks/runs/20260103_031639/synthetic_data,/home/tianyudu/Development/torch-choice/replication/paper_performance_benchmarks/runs/20260103_031639/benchmark_results,all,5,50000,0.03,-1,False,Adam,x86_64,16,NVIDIA GeForce RTX 3090,num_items_experiment_large
30000,8.651241302490234,(item_latents|constant),0,67464.1875,10,803,"ChoiceDataset(num_items=10, num_users=500, num_sessions=30000, label=[], item_index=[30000], user_index=[30000], session_index=[30000], item_availability=[], user_latents=[500, 30], item_latents=[10, 30], device=cuda:0)","3.12.11 (main, Jul 23 2025, 00:34:44) [Clang 20.1.4 ]",2.9.1+cu128,1.0.6,auto,torch-choice,/home/tianyudu/Development/torch-choice/replication/paper_performance_benchmarks/runs/20260103_031639/synthetic_data,/home/tianyudu/Development/torch-choice/replication/paper_performance_benchmarks/runs/20260103_031639/benchmark_results,all,5,50000,0.03,-1,False,Adam,x86_64,16,NVIDIA GeForce RTX 3090,num_items_experiment_large
30000,42.32046961784363,(item_latents|constant),0,40006.80078125,20,3923,"ChoiceDataset(num_items=20, num_users=500, num_sessions=30000, label=[], item_index=[30000], user_index=[30000], session_index=[30000], item_availability=[], user_latents=[500, 30], item_latents=[20, 30], device=cuda:0)","3.12.11 (main, Jul 23 2025, 00:34:44) [Clang 20.1.4 ]",2.9.1+cu128,1.0.6,auto,torch-choice,/home/tianyudu/Development/torch-choice/replication/paper_performance_benchmarks/runs/20260103_031639/synthetic_data,/home/tianyudu/Development/torch-choice/replication/paper_performance_benchmarks/runs/20260103_031639/benchmark_results,all,5,50000,0.03,-1,False,Adam,x86_64,16,NVIDIA GeForce RTX 3090,num_items_experiment_large
30000,53.95104455947876,(item_latents|constant),0,97197.578125,30,5018,"ChoiceDataset(num_items=30, num_users=500, num_sessions=30000, label=[], item_index=[30000], user_index=[30000], session_index=[30000], item_availability=[], user_latents=[500, 30], item_latents=[30, 30], device=cuda:0)","3.12.11 (main, Jul 23 2025, 00:34:44) [Clang 20.1.4 ]",2.9.1+cu128,1.0.6,auto,torch-choice,/home/tianyudu/Development/torch-choice/replication/paper_performance_benchmarks/runs/20260103_031639/synthetic_data,/home/tianyudu/Development/torch-choice/replication/paper_performance_benchmarks/runs/20260103_031639/benchmark_results,all,5,50000,0.03,-1,False,Adam,x86_64,16,NVIDIA GeForce RTX 3090,num_items_experiment_large
30000,27.781545400619507,(item_latents|constant),0,107417.359375,50,2550,"ChoiceDataset(num_items=50, num_users=500, num_sessions=30000, label=[], item_index=[30000], user_index=[30000], session_index=[30000], item_availability=[], user_latents=[500, 30], item_latents=[50, 30], device=cuda:0)","3.12.11 (main, Jul 23 2025, 00:34:44) [Clang 20.1.4 ]",2.9.1+cu128,1.0.6,auto,torch-choice,/home/tianyudu/Development/torch-choice/replication/paper_performance_benchmarks/runs/20260103_031639/synthetic_data,/home/tianyudu/Development/torch-choice/replication/paper_performance_benchmarks/runs/20260103_031639/benchmark_results,all,5,50000,0.03,-1,False,Adam,x86_64,16,NVIDIA GeForce RTX 3090,num_items_experiment_large
30000,14.322988748550415,(item_latents|constant),0,137248.59375,100,1266,"ChoiceDataset(num_items=100, num_users=500, num_sessions=30000, label=[], item_index=[30000], user_index=[30000], session_index=[30000], item_availability=[], user_latents=[500, 30], item_latents=[100, 30], device=cuda:0)","3.12.11 (main, Jul 23 2025, 00:34:44) [Clang 20.1.4 ]",2.9.1+cu128,1.0.6,auto,torch-choice,/home/tianyudu/Development/torch-choice/replication/paper_performance_benchmarks/runs/20260103_031639/synthetic_data,/home/tianyudu/Development/torch-choice/replication/paper_performance_benchmarks/runs/20260103_031639/benchmark_results,all,5,50000,0.03,-1,False,Adam,x86_64,16,NVIDIA GeForce RTX 3090,num_items_experiment_large
30000,18.72394561767578,(item_latents|constant),0,122095.25,150,1595,"ChoiceDataset(num_items=150, num_users=500, num_sessions=30000, label=[], item_index=[30000], user_index=[30000], session_index=[30000], item_availability=[], user_latents=[500, 30], item_latents=[150, 30], device=cuda:0)","3.12.11 (main, Jul 23 2025, 00:34:44) [Clang 20.1.4 ]",2.9.1+cu128,1.0.6,auto,torch-choice,/home/tianyudu/Development/torch-choice/replication/paper_performance_benchmarks/runs/20260103_031639/synthetic_data,/home/tianyudu/Development/torch-choice/replication/paper_performance_benchmarks/runs/20260103_031639/benchmark_results,all,5,50000,0.03,-1,False,Adam,x86_64,16,NVIDIA GeForce RTX 3090,num_items_experiment_large
30000,16.52350664138794,(item_latents|constant),0,151758.71875,200,1356,"ChoiceDataset(num_items=200, num_users=500, num_sessions=30000, label=[], item_index=[30000], user_index=[30000], session_index=[30000], item_availability=[], user_latents=[500, 30], item_latents=[200, 30], device=cuda:0)","3.12.11 (main, Jul 23 2025, 00:34:44) [Clang 20.1.4 ]",2.9.1+cu128,1.0.6,auto,torch-choice,/home/tianyudu/Development/torch-choice/replication/paper_performance_benchmarks/runs/20260103_031639/synthetic_data,/home/tianyudu/Development/torch-choice/replication/paper_performance_benchmarks/runs/20260103_031639/benchmark_results,all,5,50000,0.03,-1,False,Adam,x86_64,16,NVIDIA GeForce RTX 3090,num_items_experiment_large
30000,18.04645872116089,(item_latents|constant),0,150169.40625,250,1421,"ChoiceDataset(num_items=250, num_users=500, num_sessions=30000, label=[], item_index=[30000], user_index=[30000], session_index=[30000], item_availability=[], user_latents=[500, 30], item_latents=[250, 30], device=cuda:0)","3.12.11 (main, Jul 23 2025, 00:34:44) [Clang 20.1.4 ]",2.9.1+cu128,1.0.6,auto,torch-choice,/home/tianyudu/Development/torch-choice/replication/paper_performance_benchmarks/runs/20260103_031639/synthetic_data,/home/tianyudu/Development/torch-choice/replication/paper_performance_benchmarks/runs/20260103_031639/benchmark_results,all,5,50000,0.03,-1,False,Adam,x86_64,16,NVIDIA GeForce RTX 3090,num_items_experiment_large
30000,16.22495412826538,(item_latents|constant),0,148009.6875,300,1229,"ChoiceDataset(num_items=300, num_users=500, num_sessions=30000, label=[], item_index=[30000], user_index=[30000], session_index=[30000], item_availability=[], user_latents=[500, 30], item_latents=[300, 30], device=cuda:0)","3.12.11 (main, Jul 23 2025, 00:34:44) [Clang 20.1.4 ]",2.9.1+cu128,1.0.6,auto,torch-choice,/home/tianyudu/Development/torch-choice/replication/paper_performance_benchmarks/runs/20260103_031639/synthetic_data,/home/tianyudu/Development/torch-choice/replication/paper_performance_benchmarks/runs/20260103_031639/benchmark_results,all,5,50000,0.03,-1,False,Adam,x86_64,16,NVIDIA GeForce RTX 3090,num_items_experiment_large
30000,15.239936113357544,(item_latents|constant),0,153021.046875,350,1111,"ChoiceDataset(num_items=350, num_users=500, num_sessions=30000, label=[], item_index=[30000], user_index=[30000], session_index=[30000], item_availability=[], user_latents=[500, 30], item_latents=[350, 30], device=cuda:0)","3.12.11 (main, Jul 23 2025, 00:34:44) [Clang 20.1.4 ]",2.9.1+cu128,1.0.6,auto,torch-choice,/home/tianyudu/Development/torch-choice/replication/paper_performance_benchmarks/runs/20260103_031639/synthetic_data,/home/tianyudu/Development/torch-choice/replication/paper_performance_benchmarks/runs/20260103_031639/benchmark_results,all,5,50000,0.03,-1,False,Adam,x86_64,16,NVIDIA GeForce RTX 3090,num_items_experiment_large
30000,14.727237701416016,(item_latents|constant),0,161946.625,400,1036,"ChoiceDataset(num_items=400, num_users=500, num_sessions=30000, label=[], item_index=[30000], user_index=[30000], session_index=[30000], item_availability=[], user_latents=[500, 30], item_latents=[400, 30], device=cuda:0)","3.12.11 (main, Jul 23 2025, 00:34:44) [Clang 20.1.4 ]",2.9.1+cu128,1.0.6,auto,torch-choice,/home/tianyudu/Development/torch-choice/replication/paper_performance_benchmarks/runs/20260103_031639/synthetic_data,/home/tianyudu/Development/torch-choice/replication/paper_performance_benchmarks/runs/20260103_031639/benchmark_results,all,5,50000,0.03,-1,False,Adam,x86_64,16,NVIDIA GeForce RTX 3090,num_items_experiment_large
30000,20.243496894836426,(item_latents|constant),0,166645.78125,450,1379,"ChoiceDataset(num_items=450, num_users=500, num_sessions=30000, label=[], item_index=[30000], user_index=[30000], session_index=[30000], item_availability=[], user_latents=[500, 30], item_latents=[450, 30], device=cuda:0)","3.12.11 (main, Jul 23 2025, 00:34:44) [Clang 20.1.4 ]",2.9.1+cu128,1.0.6,auto,torch-choice,/home/tianyudu/Development/torch-choice/replication/paper_performance_benchmarks/runs/20260103_031639/synthetic_data,/home/tianyudu/Development/torch-choice/replication/paper_performance_benchmarks/runs/20260103_031639/benchmark_results,all,5,50000,0.03,-1,False,Adam,x86_64,16,NVIDIA GeForce RTX 3090,num_items_experiment_large
30000,16.41974925994873,(item_latents|constant),0,170788.40625,500,1049,"ChoiceDataset(num_items=500, num_users=500, num_sessions=30000, label=[], item_index=[30000], user_index=[30000], session_index=[30000], item_availability=[], user_latents=[500, 30], item_latents=[500, 30], device=cuda:0)","3.12.11 (main, Jul 23 2025, 00:34:44) [Clang 20.1.4 ]",2.9.1+cu128,1.0.6,auto,torch-choice,/home/tianyudu/Development/torch-choice/replication/paper_performance_benchmarks/runs/20260103_031639/synthetic_data,/home/tianyudu/Development/torch-choice/replication/paper_performance_benchmarks/runs/20260103_031639/benchmark_results,all,5,50000,0.03,-1,False,Adam,x86_64,16,NVIDIA GeForce RTX 3090,num_items_experiment_large
30000,22.88197922706604,(user_latents|item) + (item_latents|constant),1,64823.6796875,10,2125,"ChoiceDataset(num_items=10, num_users=500, num_sessions=30000, label=[], item_index=[30000], user_index=[30000], session_index=[30000], item_availability=[], user_latents=[500, 30], item_latents=[10, 30], device=cuda:0)","3.12.11 (main, Jul 23 2025, 00:34:44) [Clang 20.1.4 ]",2.9.1+cu128,1.0.6,auto,torch-choice,/home/tianyudu/Development/torch-choice/replication/paper_performance_benchmarks/runs/20260103_031639/synthetic_data,/home/tianyudu/Development/torch-choice/replication/paper_performance_benchmarks/runs/20260103_031639/benchmark_results,all,5,50000,0.03,-1,False,Adam,x86_64,16,NVIDIA GeForce RTX 3090,num_items_experiment_large
30000,35.27352476119995,(user_latents|item) + (item_latents|constant),1,29678.046875,20,3198,"ChoiceDataset(num_items=20, num_users=500, num_sessions=30000, label=[], item_index=[30000], user_index=[30000], session_index=[30000], item_availability=[], user_latents=[500, 30], item_latents=[20, 30], device=cuda:0)","3.12.11 (main, Jul 23 2025, 00:34:44) [Clang 20.1.4 ]",2.9.1+cu128,1.0.6,auto,torch-choice,/home/tianyudu/Development/torch-choice/replication/paper_performance_benchmarks/runs/20260103_031639/synthetic_data,/home/tianyudu/Development/torch-choice/replication/paper_performance_benchmarks/runs/20260103_031639/benchmark_results,all,5,50000,0.03,-1,False,Adam,x86_64,16,NVIDIA GeForce RTX 3090,num_items_experiment_large
30000,21.38876247406006,(user_latents|item) + (item_latents|constant),1,92860.46875,30,1916,"ChoiceDataset(num_items=30, num_users=500, num_sessions=30000, label=[], item_index=[30000], user_index=[30000], session_index=[30000], item_availability=[], user_latents=[500, 30], item_latents=[30, 30], device=cuda:0)","3.12.11 (main, Jul 23 2025, 00:34:44) [Clang 20.1.4 ]",2.9.1+cu128,1.0.6,auto,torch-choice,/home/tianyudu/Development/torch-choice/replication/paper_performance_benchmarks/runs/20260103_031639/synthetic_data,/home/tianyudu/Development/torch-choice/replication/paper_performance_benchmarks/runs/20260103_031639/benchmark_results,all,5,50000,0.03,-1,False,Adam,x86_64,16,NVIDIA GeForce RTX 3090,num_items_experiment_large
30000,26.495154857635498,(user_latents|item) + (item_latents|constant),1,90242.078125,50,2279,"ChoiceDataset(num_items=50, num_users=500, num_sessions=30000, label=[], item_index=[30000], user_index=[30000], session_index=[30000], item_availability=[], user_latents=[500, 30], item_latents=[50, 30], device=cuda:0)","3.12.11 (main, Jul 23 2025, 00:34:44) [Clang 20.1.4 ]",2.9.1+cu128,1.0.6,auto,torch-choice,/home/tianyudu/Development/torch-choice/replication/paper_performance_benchmarks/runs/20260103_031639/synthetic_data,/home/tianyudu/Development/torch-choice/replication/paper_performance_benchmarks/runs/20260103_031639/benchmark_results,all,5,50000,0.03,-1,False,Adam,x86_64,16,NVIDIA GeForce RTX 3090,num_items_experiment_large
30000,27.92647099494934,(user_latents|item) + (item_latents|constant),1,130845.65625,100,2228,"ChoiceDataset(num_items=100, num_users=500, num_sessions=30000, label=[], item_index=[30000], user_index=[30000], session_index=[30000], item_availability=[], user_latents=[500, 30], item_latents=[100, 30], device=cuda:0)","3.12.11 (main, Jul 23 2025, 00:34:44) [Clang 20.1.4 ]",2.9.1+cu128,1.0.6,auto,torch-choice,/home/tianyudu/Development/torch-choice/replication/paper_performance_benchmarks/runs/20260103_031639/synthetic_data,/home/tianyudu/Development/torch-choice/replication/paper_performance_benchmarks/runs/20260103_031639/benchmark_results,all,5,50000,0.03,-1,False,Adam,x86_64,16,NVIDIA GeForce RTX 3090,num_items_experiment_large
30000,33.79900884628296,(user_latents|item) + (item_latents|constant),1,89825.765625,150,2489,"ChoiceDataset(num_items=150, num_users=500, num_sessions=30000, label=[], item_index=[30000], user_index=[30000], session_index=[30000], item_availability=[], user_latents=[500, 30], item_latents=[150, 30], device=cuda:0)","3.12.11 (main, Jul 23 2025, 00:34:44) [Clang 20.1.4 ]",2.9.1+cu128,1.0.6,auto,torch-choice,/home/tianyudu/Development/torch-choice/replication/paper_performance_benchmarks/runs/20260103_031639/synthetic_data,/home/tianyudu/Development/torch-choice/replication/paper_performance_benchmarks/runs/20260103_031639/benchmark_results,all,5,50000,0.03,-1,False,Adam,x86_64,16,NVIDIA GeForce RTX 3090,num_items_experiment_large
30000,31.273205995559692,(user_latents|item) + (item_latents|constant),1,127297.734375,200,2121,"ChoiceDataset(num_items=200, num_users=500, num_sessions=30000, label=[], item_index=[30000], user_index=[30000], session_index=[30000], item_availability=[], user_latents=[500, 30], item_latents=[200, 30], device=cuda:0)","3.12.11 (main, Jul 23 2025, 00:34:44) [Clang 20.1.4 ]",2.9.1+cu128,1.0.6,auto,torch-choice,/home/tianyudu/Development/torch-choice/replication/paper_performance_benchmarks/runs/20260103_031639/synthetic_data,/home/tianyudu/Development/torch-choice/replication/paper_performance_benchmarks/runs/20260103_031639/benchmark_results,all,5,50000,0.03,-1,False,Adam,x86_64,16,NVIDIA GeForce RTX 3090,num_items_experiment_large
30000,46.484097480773926,(user_latents|item) + (item_latents|constant),1,111979.765625,250,2858,"ChoiceDataset(num_items=250, num_users=500, num_sessions=30000, label=[], item_index=[30000], user_index=[30000], session_index=[30000], item_availability=[], user_latents=[500, 30], item_latents=[250, 30], device=cuda:0)","3.12.11 (main, Jul 23 2025, 00:34:44) [Clang 20.1.4 ]",2.9.1+cu128,1.0.6,auto,torch-choice,/home/tianyudu/Development/torch-choice/replication/paper_performance_benchmarks/runs/20260103_031639/synthetic_data,/home/tianyudu/Development/torch-choice/replication/paper_performance_benchmarks/runs/20260103_031639/benchmark_results,all,5,50000,0.03,-1,False,Adam,x86_64,16,NVIDIA GeForce RTX 3090,num_items_experiment_large
30000,48.93215799331665,(user_latents|item) + (item_latents|constant),1,110820.3671875,300,2665,"ChoiceDataset(num_items=300, num_users=500, num_sessions=30000, label=[], item_index=[30000], user_index=[30000], session_index=[30000], item_availability=[], user_latents=[500, 30], item_latents=[300, 30], device=cuda:0)","3.12.11 (main, Jul 23 2025, 00:34:44) [Clang 20.1.4 ]",2.9.1+cu128,1.0.6,auto,torch-choice,/home/tianyudu/Development/torch-choice/replication/paper_performance_benchmarks/runs/20260103_031639/synthetic_data,/home/tianyudu/Development/torch-choice/replication/paper_performance_benchmarks/runs/20260103_031639/benchmark_results,all,5,50000,0.03,-1,False,Adam,x86_64,16,NVIDIA GeForce RTX 3090,num_items_experiment_large
30000,56.01154375076294,(user_latents|item) + (item_latents|constant),1,114137.125,350,2699,"ChoiceDataset(num_items=350, num_users=500, num_sessions=30000, label=[], item_index=[30000], user_index=[30000], session_index=[30000], item_availability=[], user_latents=[500, 30], item_latents=[350, 30], device=cuda:0)","3.12.11 (main, Jul 23 2025, 00:34:44) [Clang 20.1.4 ]",2.9.1+cu128,1.0.6,auto,torch-choice,/home/tianyudu/Development/torch-choice/replication/paper_performance_benchmarks/runs/20260103_031639/synthetic_data,/home/tianyudu/Development/torch-choice/replication/paper_performance_benchmarks/runs/20260103_031639/benchmark_results,all,5,50000,0.03,-1,False,Adam,x86_64,16,NVIDIA GeForce RTX 3090,num_items_experiment_large
30000,62.96803092956543,(user_latents|item) + (item_latents|constant),1,115340.9296875,400,2764,"ChoiceDataset(num_items=400, num_users=500, num_sessions=30000, label=[], item_index=[30000], user_index=[30000], session_index=[30000], item_availability=[], user_latents=[500, 30], item_latents=[400, 30], device=cuda:0)","3.12.11 (main, Jul 23 2025, 00:34:44) [Clang 20.1.4 ]",2.9.1+cu128,1.0.6,auto,torch-choice,/home/tianyudu/Development/torch-choice/replication/paper_performance_benchmarks/runs/20260103_031639/synthetic_data,/home/tianyudu/Development/torch-choice/replication/paper_performance_benchmarks/runs/20260103_031639/benchmark_results,all,5,50000,0.03,-1,False,Adam,x86_64,16,NVIDIA GeForce RTX 3090,num_items_experiment_large
30000,70.58938884735107,(user_latents|item) + (item_latents|constant),1,121531.1875,450,2759,"ChoiceDataset(num_items=450, num_users=500, num_sessions=30000, label=[], item_index=[30000], user_index=[30000], session_index=[30000], item_availability=[], user_latents=[500, 30], item_latents=[450, 30], device=cuda:0)","3.12.11 (main, Jul 23 2025, 00:34:44) [Clang 20.1.4 ]",2.9.1+cu128,1.0.6,auto,torch-choice,/home/tianyudu/Development/torch-choice/replication/paper_performance_benchmarks/runs/20260103_031639/synthetic_data,/home/tianyudu/Development/torch-choice/replication/paper_performance_benchmarks/runs/20260103_031639/benchmark_results,all,5,50000,0.03,-1,False,Adam,x86_64,16,NVIDIA GeForce RTX 3090,num_items_experiment_large
30000,75.16987824440002,(user_latents|item) + (item_latents|constant),1,125732.3359375,500,2640,"ChoiceDataset(num_items=500, num_users=500, num_sessions=30000, label=[], item_index=[30000], user_index=[30000], session_index=[30000], item_availability=[], user_latents=[500, 30], item_latents=[500, 30], device=cuda:0)","3.12.11 (main, Jul 23 2025, 00:34:44) [Clang 20.1.4 ]",2.9.1+cu128,1.0.6,auto,torch-choice,/home/tianyudu/Development/torch-choice/replication/paper_performance_benchmarks/runs/20260103_031639/synthetic_data,/home/tianyudu/Development/torch-choice/replication/paper_performance_benchmarks/runs/20260103_031639/benchmark_results,all,5,50000,0.03,-1,False,Adam,x86_64,16,NVIDIA GeForce RTX 3090,num_items_experiment_large
30000,23.906439781188965,(user_latents|item),1,64824.67578125,10,2211,"ChoiceDataset(num_items=10, num_users=500, num_sessions=30000, label=[], item_index=[30000], user_index=[30000], session_index=[30000], item_availability=[], user_latents=[500, 30], item_latents=[10, 30], device=cuda:0)","3.12.11 (main, Jul 23 2025, 00:34:44) [Clang 20.1.4 ]",2.9.1+cu128,1.0.6,auto,torch-choice,/home/tianyudu/Development/torch-choice/replication/paper_performance_benchmarks/runs/20260103_031639/synthetic_data,/home/tianyudu/Development/torch-choice/replication/paper_performance_benchmarks/runs/20260103_031639/benchmark_results,all,5,50000,0.03,-1,False,Adam,x86_64,16,NVIDIA GeForce RTX 3090,num_items_experiment_large
30000,38.8601016998291,(user_latents|item),1,29670.150390625,20,3568,"ChoiceDataset(num_items=20, num_users=500, num_sessions=30000, label=[], item_index=[30000], user_index=[30000], session_index=[30000], item_availability=[], user_latents=[500, 30], item_latents=[20, 30], device=cuda:0)","3.12.11 (main, Jul 23 2025, 00:34:44) [Clang 20.1.4 ]",2.9.1+cu128,1.0.6,auto,torch-choice,/home/tianyudu/Development/torch-choice/replication/paper_performance_benchmarks/runs/20260103_031639/synthetic_data,/home/tianyudu/Development/torch-choice/replication/paper_performance_benchmarks/runs/20260103_031639/benchmark_results,all,5,50000,0.03,-1,False,Adam,x86_64,16,NVIDIA GeForce RTX 3090,num_items_experiment_large
30000,31.649303436279297,(user_latents|item),1,92856.375,30,2886,"ChoiceDataset(num_items=30, num_users=500, num_sessions=30000, label=[], item_index=[30000], user_index=[30000], session_index=[30000], item_availability=[], user_latents=[500, 30], item_latents=[30, 30], device=cuda:0)","3.12.11 (main, Jul 23 2025, 00:34:44) [Clang 20.1.4 ]",2.9.1+cu128,1.0.6,auto,torch-choice,/home/tianyudu/Development/torch-choice/replication/paper_performance_benchmarks/runs/20260103_031639/synthetic_data,/home/tianyudu/Development/torch-choice/replication/paper_performance_benchmarks/runs/20260103_031639/benchmark_results,all,5,50000,0.03,-1,False,Adam,x86_64,16,NVIDIA GeForce RTX 3090,num_items_experiment_large
30000,33.410576820373535,(user_latents|item),1,90244.390625,50,3017,"ChoiceDataset(num_items=50, num_users=500, num_sessions=30000, label=[], item_index=[30000], user_index=[30000], session_index=[30000], item_availability=[], user_latents=[500, 30], item_latents=[50, 30], device=cuda:0)","3.12.11 (main, Jul 23 2025, 00:34:44) [Clang 20.1.4 ]",2.9.1+cu128,1.0.6,auto,torch-choice,/home/tianyudu/Development/torch-choice/replication/paper_performance_benchmarks/runs/20260103_031639/synthetic_data,/home/tianyudu/Development/torch-choice/replication/paper_performance_benchmarks/runs/20260103_031639/benchmark_results,all,5,50000,0.03,-1,False,Adam,x86_64,16,NVIDIA GeForce RTX 3090,num_items_experiment_large
30000,38.22632884979248,(user_latents|item),1,130810.078125,100,3295,"ChoiceDataset(num_items=100, num_users=500, num_sessions=30000, label=[], item_index=[30000], user_index=[30000], session_index=[30000], item_availability=[], user_latents=[500, 30], item_latents=[100, 30], device=cuda:0)","3.12.11 (main, Jul 23 2025, 00:34:44) [Clang 20.1.4 ]",2.9.1+cu128,1.0.6,auto,torch-choice,/home/tianyudu/Development/torch-choice/replication/paper_performance_benchmarks/runs/20260103_031639/synthetic_data,/home/tianyudu/Development/torch-choice/replication/paper_performance_benchmarks/runs/20260103_031639/benchmark_results,all,5,50000,0.03,-1,False,Adam,x86_64,16,NVIDIA GeForce RTX 3090,num_items_experiment_large
30000,34.15927314758301,(user_latents|item),1,89821.484375,150,2799,"ChoiceDataset(num_items=150, num_users=500, num_sessions=30000, label=[], item_index=[30000], user_index=[30000], session_index=[30000], item_availability=[], user_latents=[500, 30], item_latents=[150, 30], device=cuda:0)","3.12.11 (main, Jul 23 2025, 00:34:44) [Clang 20.1.4 ]",2.9.1+cu128,1.0.6,auto,torch-choice,/home/tianyudu/Development/torch-choice/replication/paper_performance_benchmarks/runs/20260103_031639/synthetic_data,/home/tianyudu/Development/torch-choice/replication/paper_performance_benchmarks/runs/20260103_031639/benchmark_results,all,5,50000,0.03,-1,False,Adam,x86_64,16,NVIDIA GeForce RTX 3090,num_items_experiment_large
30000,40.82725667953491,(user_latents|item),1,127262.359375,200,3213,"ChoiceDataset(num_items=200, num_users=500, num_sessions=30000, label=[], item_index=[30000], user_index=[30000], session_index=[30000], item_availability=[], user_latents=[500, 30], item_latents=[200, 30], device=cuda:0)","3.12.11 (main, Jul 23 2025, 00:34:44) [Clang 20.1.4 ]",2.9.1+cu128,1.0.6,auto,torch-choice,/home/tianyudu/Development/torch-choice/replication/paper_performance_benchmarks/runs/20260103_031639/synthetic_data,/home/tianyudu/Development/torch-choice/replication/paper_performance_benchmarks/runs/20260103_031639/benchmark_results,all,5,50000,0.03,-1,False,Adam,x86_64,16,NVIDIA GeForce RTX 3090,num_items_experiment_large
30000,40.94898819923401,(user_latents|item),1,111974.75,250,3081,"ChoiceDataset(num_items=250, num_users=500, num_sessions=30000, label=[], item_index=[30000], user_index=[30000], session_index=[30000], item_availability=[], user_latents=[500, 30], item_latents=[250, 30], device=cuda:0)","3.12.11 (main, Jul 23 2025, 00:34:44) [Clang 20.1.4 ]",2.9.1+cu128,1.0.6,auto,torch-choice,/home/tianyudu/Development/torch-choice/replication/paper_performance_benchmarks/runs/20260103_031639/synthetic_data,/home/tianyudu/Development/torch-choice/replication/paper_performance_benchmarks/runs/20260103_031639/benchmark_results,all,5,50000,0.03,-1,False,Adam,x86_64,16,NVIDIA GeForce RTX 3090,num_items_experiment_large
30000,37.66798973083496,(user_latents|item),1,110741.0234375,300,2681,"ChoiceDataset(num_items=300, num_users=500, num_sessions=30000, label=[], item_index=[30000], user_index=[30000], session_index=[30000], item_availability=[], user_latents=[500, 30], item_latents=[300, 30], device=cuda:0)","3.12.11 (main, Jul 23 2025, 00:34:44) [Clang 20.1.4 ]",2.9.1+cu128,1.0.6,auto,torch-choice,/home/tianyudu/Development/torch-choice/replication/paper_performance_benchmarks/runs/20260103_031639/synthetic_data,/home/tianyudu/Development/torch-choice/replication/paper_performance_benchmarks/runs/20260103_031639/benchmark_results,all,5,50000,0.03,-1,False,Adam,x86_64,16,NVIDIA GeForce RTX 3090,num_items_experiment_large
30000,42.153204679489136,(user_latents|item),1,114134.859375,350,2888,"ChoiceDataset(num_items=350, num_users=500, num_sessions=30000, label=[], item_index=[30000], user_index=[30000], session_index=[30000], item_availability=[], user_latents=[500, 30], item_latents=[350, 30], device=cuda:0)","3.12.11 (main, Jul 23 2025, 00:34:44) [Clang 20.1.4 ]",2.9.1+cu128,1.0.6,auto,torch-choice,/home/tianyudu/Development/torch-choice/replication/paper_performance_benchmarks/runs/20260103_031639/synthetic_data,/home/tianyudu/Development/torch-choice/replication/paper_performance_benchmarks/runs/20260103_031639/benchmark_results,all,5,50000,0.03,-1,False,Adam,x86_64,16,NVIDIA GeForce RTX 3090,num_items_experiment_large
30000,40.54122233390808,(user_latents|item),1,115326.4921875,400,2633,"ChoiceDataset(num_items=400, num_users=500, num_sessions=30000, label=[], item_index=[30000], user_index=[30000], session_index=[30000], item_availability=[], user_latents=[500, 30], item_latents=[400, 30], device=cuda:0)","3.12.11 (main, Jul 23 2025, 00:34:44) [Clang 20.1.4 ]",2.9.1+cu128,1.0.6,auto,torch-choice,/home/tianyudu/Development/torch-choice/replication/paper_performance_benchmarks/runs/20260103_031639/synthetic_data,/home/tianyudu/Development/torch-choice/replication/paper_performance_benchmarks/runs/20260103_031639/benchmark_results,all,5,50000,0.03,-1,False,Adam,x86_64,16,NVIDIA GeForce RTX 3090,num_items_experiment_large
30000,45.53158903121948,(user_latents|item),1,121485.9375,450,2818,"ChoiceDataset(num_items=450, num_users=500, num_sessions=30000, label=[], item_index=[30000], user_index=[30000], session_index=[30000], item_availability=[], user_latents=[500, 30], item_latents=[450, 30], device=cuda:0)","3.12.11 (main, Jul 23 2025, 00:34:44) [Clang 20.1.4 ]",2.9.1+cu128,1.0.6,auto,torch-choice,/home/tianyudu/Development/torch-choice/replication/paper_performance_benchmarks/runs/20260103_031639/synthetic_data,/home/tianyudu/Development/torch-choice/replication/paper_performance_benchmarks/runs/20260103_031639/benchmark_results,all,5,50000,0.03,-1,False,Adam,x86_64,16,NVIDIA GeForce RTX 3090,num_items_experiment_large
30000,51.150585651397705,(user_latents|item),1,125712.0390625,500,3000,"ChoiceDataset(num_items=500, num_users=500, num_sessions=30000, label=[], item_index=[30000], user_index=[30000], session_index=[30000], item_availability=[], user_latents=[500, 30], item_latents=[500, 30], device=cuda:0)","3.12.11 (main, Jul 23 2025, 00:34:44) [Clang 20.1.4 ]",2.9.1+cu128,1.0.6,auto,torch-choice,/home/tianyudu/Development/torch-choice/replication/paper_performance_benchmarks/runs/20260103_031639/synthetic_data,/home/tianyudu/Development/torch-choice/replication/paper_performance_benchmarks/runs/20260103_031639/benchmark_results,all,5,50000,0.03,-1,False,Adam,x86_64,16,NVIDIA GeForce RTX 3090,num_items_experiment_large
30000,8.806257724761963,(item_latents|constant),1,67464.1875,10,835,"ChoiceDataset(num_items=10, num_users=500, num_sessions=30000, label=[], item_index=[30000], user_index=[30000], session_index=[30000], item_availability=[], user_latents=[500, 30], item_latents=[10, 30], device=cuda:0)","3.12.11 (main, Jul 23 2025, 00:34:44) [Clang 20.1.4 ]",2.9.1+cu128,1.0.6,auto,torch-choice,/home/tianyudu/Development/torch-choice/replication/paper_performance_benchmarks/runs/20260103_031639/synthetic_data,/home/tianyudu/Development/torch-choice/replication/paper_performance_benchmarks/runs/20260103_031639/benchmark_results,all,5,50000,0.03,-1,False,Adam,x86_64,16,NVIDIA GeForce RTX 3090,num_items_experiment_large
30000,34.75211191177368,(item_latents|constant),1,40006.80078125,20,3248,"ChoiceDataset(num_items=20, num_users=500, num_sessions=30000, label=[], item_index=[30000], user_index=[30000], session_index=[30000], item_availability=[], user_latents=[500, 30], item_latents=[20, 30], device=cuda:0)","3.12.11 (main, Jul 23 2025, 00:34:44) [Clang 20.1.4 ]",2.9.1+cu128,1.0.6,auto,torch-choice,/home/tianyudu/Development/torch-choice/replication/paper_performance_benchmarks/runs/20260103_031639/synthetic_data,/home/tianyudu/Development/torch-choice/replication/paper_performance_benchmarks/runs/20260103_031639/benchmark_results,all,5,50000,0.03,-1,False,Adam,x86_64,16,NVIDIA GeForce RTX 3090,num_items_experiment_large
30000,51.19597005844116,(item_latents|constant),1,97186.1953125,30,4802,"ChoiceDataset(num_items=30, num_users=500, num_sessions=30000, label=[], item_index=[30000], user_index=[30000], session_index=[30000], item_availability=[], user_latents=[500, 30], item_latents=[30, 30], device=cuda:0)","3.12.11 (main, Jul 23 2025, 00:34:44) [Clang 20.1.4 ]",2.9.1+cu128,1.0.6,auto,torch-choice,/home/tianyudu/Development/torch-choice/replication/paper_performance_benchmarks/runs/20260103_031639/synthetic_data,/home/tianyudu/Development/torch-choice/replication/paper_performance_benchmarks/runs/20260103_031639/benchmark_results,all,5,50000,0.03,-1,False,Adam,x86_64,16,NVIDIA GeForce RTX 3090,num_items_experiment_large
30000,33.402398109436035,(item_latents|constant),1,107417.359375,50,3081,"ChoiceDataset(num_items=50, num_users=500, num_sessions=30000, label=[], item_index=[30000], user_index=[30000], session_index=[30000], item_availability=[], user_latents=[500, 30], item_latents=[50, 30], device=cuda:0)","3.12.11 (main, Jul 23 2025, 00:34:44) [Clang 20.1.4 ]",2.9.1+cu128,1.0.6,auto,torch-choice,/home/tianyudu/Development/torch-choice/replication/paper_performance_benchmarks/runs/20260103_031639/synthetic_data,/home/tianyudu/Development/torch-choice/replication/paper_performance_benchmarks/runs/20260103_031639/benchmark_results,all,5,50000,0.03,-1,False,Adam,x86_64,16,NVIDIA GeForce RTX 3090,num_items_experiment_large
30000,17.396352291107178,(item_latents|constant),1,137248.625,100,1554,"ChoiceDataset(num_items=100, num_users=500, num_sessions=30000, label=[], item_index=[30000], user_index=[30000], session_index=[30000], item_availability=[], user_latents=[500, 30], item_latents=[100, 30], device=cuda:0)","3.12.11 (main, Jul 23 2025, 00:34:44) [Clang 20.1.4 ]",2.9.1+cu128,1.0.6,auto,torch-choice,/home/tianyudu/Development/torch-choice/replication/paper_performance_benchmarks/runs/20260103_031639/synthetic_data,/home/tianyudu/Development/torch-choice/replication/paper_performance_benchmarks/runs/20260103_031639/benchmark_results,all,5,50000,0.03,-1,False,Adam,x86_64,16,NVIDIA GeForce RTX 3090,num_items_experiment_large
30000,19.389812231063843,(item_latents|constant),1,122095.25,150,1661,"ChoiceDataset(num_items=150, num_users=500, num_sessions=30000, label=[], item_index=[30000], user_index=[30000], session_index=[30000], item_availability=[], user_latents=[500, 30], item_latents=[150, 30], device=cuda:0)","3.12.11 (main, Jul 23 2025, 00:34:44) [Clang 20.1.4 ]",2.9.1+cu128,1.0.6,auto,torch-choice,/home/tianyudu/Development/torch-choice/replication/paper_performance_benchmarks/runs/20260103_031639/synthetic_data,/home/tianyudu/Development/torch-choice/replication/paper_performance_benchmarks/runs/20260103_031639/benchmark_results,all,5,50000,0.03,-1,False,Adam,x86_64,16,NVIDIA GeForce RTX 3090,num_items_experiment_large
30000,13.68556261062622,(item_latents|constant),1,151758.71875,200,1132,"ChoiceDataset(num_items=200, num_users=500, num_sessions=30000, label=[], item_index=[30000], user_index=[30000], session_index=[30000], item_availability=[], user_latents=[500, 30], item_latents=[200, 30], device=cuda:0)","3.12.11 (main, Jul 23 2025, 00:34:44) [Clang 20.1.4 ]",2.9.1+cu128,1.0.6,auto,torch-choice,/home/tianyudu/Development/torch-choice/replication/paper_performance_benchmarks/runs/20260103_031639/synthetic_data,/home/tianyudu/Development/torch-choice/replication/paper_performance_benchmarks/runs/20260103_031639/benchmark_results,all,5,50000,0.03,-1,False,Adam,x86_64,16,NVIDIA GeForce RTX 3090,num_items_experiment_large
30000,16.127776384353638,(item_latents|constant),1,150169.40625,250,1279,"ChoiceDataset(num_items=250, num_users=500, num_sessions=30000, label=[], item_index=[30000], user_index=[30000], session_index=[30000], item_availability=[], user_latents=[500, 30], item_latents=[250, 30], device=cuda:0)","3.12.11 (main, Jul 23 2025, 00:34:44) [Clang 20.1.4 ]",2.9.1+cu128,1.0.6,auto,torch-choice,/home/tianyudu/Development/torch-choice/replication/paper_performance_benchmarks/runs/20260103_031639/synthetic_data,/home/tianyudu/Development/torch-choice/replication/paper_performance_benchmarks/runs/20260103_031639/benchmark_results,all,5,50000,0.03,-1,False,Adam,x86_64,16,NVIDIA GeForce RTX 3090,num_items_experiment_large
30000,17.65751075744629,(item_latents|constant),1,148009.6875,300,1346,"ChoiceDataset(num_items=300, num_users=500, num_sessions=30000, label=[], item_index=[30000], user_index=[30000], session_index=[30000], item_availability=[], user_latents=[500, 30], item_latents=[300, 30], device=cuda:0)","3.12.11 (main, Jul 23 2025, 00:34:44) [Clang 20.1.4 ]",2.9.1+cu128,1.0.6,auto,torch-choice,/home/tianyudu/Development/torch-choice/replication/paper_performance_benchmarks/runs/20260103_031639/synthetic_data,/home/tianyudu/Development/torch-choice/replication/paper_performance_benchmarks/runs/20260103_031639/benchmark_results,all,5,50000,0.03,-1,False,Adam,x86_64,16,NVIDIA GeForce RTX 3090,num_items_experiment_large
30000,18.96579623222351,(item_latents|constant),1,153021.0625,350,1394,"ChoiceDataset(num_items=350, num_users=500, num_sessions=30000, label=[], item_index=[30000], user_index=[30000], session_index=[30000], item_availability=[], user_latents=[500, 30], item_latents=[350, 30], device=cuda:0)","3.12.11 (main, Jul 23 2025, 00:34:44) [Clang 20.1.4 ]",2.9.1+cu128,1.0.6,auto,torch-choice,/home/tianyudu/Development/torch-choice/replication/paper_performance_benchmarks/runs/20260103_031639/synthetic_data,/home/tianyudu/Development/torch-choice/replication/paper_performance_benchmarks/runs/20260103_031639/benchmark_results,all,5,50000,0.03,-1,False,Adam,x86_64,16,NVIDIA GeForce RTX 3090,num_items_experiment_large
30000,20.371454000473022,(item_latents|constant),1,161946.640625,400,1438,"ChoiceDataset(num_items=400, num_users=500, num_sessions=30000, label=[], item_index=[30000], user_index=[30000], session_index=[30000], item_availability=[], user_latents=[500, 30], item_latents=[400, 30], device=cuda:0)","3.12.11 (main, Jul 23 2025, 00:34:44) [Clang 20.1.4 ]",2.9.1+cu128,1.0.6,auto,torch-choice,/home/tianyudu/Development/torch-choice/replication/paper_performance_benchmarks/runs/20260103_031639/synthetic_data,/home/tianyudu/Development/torch-choice/replication/paper_performance_benchmarks/runs/20260103_031639/benchmark_results,all,5,50000,0.03,-1,False,Adam,x86_64,16,NVIDIA GeForce RTX 3090,num_items_experiment_large
30000,19.099795818328857,(item_latents|constant),1,166645.765625,450,1296,"ChoiceDataset(num_items=450, num_users=500, num_sessions=30000, label=[], item_index=[30000], user_index=[30000], session_index=[30000], item_availability=[], user_latents=[500, 30], item_latents=[450, 30], device=cuda:0)","3.12.11 (main, Jul 23 2025, 00:34:44) [Clang 20.1.4 ]",2.9.1+cu128,1.0.6,auto,torch-choice,/home/tianyudu/Development/torch-choice/replication/paper_performance_benchmarks/runs/20260103_031639/synthetic_data,/home/tianyudu/Development/torch-choice/replication/paper_performance_benchmarks/runs/20260103_031639/benchmark_results,all,5,50000,0.03,-1,False,Adam,x86_64,16,NVIDIA GeForce RTX 3090,num_items_experiment_large
30000,18.14971375465393,(item_latents|constant),1,170788.40625,500,1155,"ChoiceDataset(num_items=500, num_users=500, num_sessions=30000, label=[], item_index=[30000], user_index=[30000], session_index=[30000], item_availability=[], user_latents=[500, 30], item_latents=[500, 30], device=cuda:0)","3.12.11 (main, Jul 23 2025, 00:34:44) [Clang 20.1.4 ]",2.9.1+cu128,1.0.6,auto,torch-choice,/home/tianyudu/Development/torch-choice/replication/paper_performance_benchmarks/runs/20260103_031639/synthetic_data,/home/tianyudu/Development/torch-choice/replication/paper_performance_benchmarks/runs/20260103_031639/benchmark_results,all,5,50000,0.03,-1,False,Adam,x86_64,16,NVIDIA GeForce RTX 3090,num_items_experiment_large
30000,25.210400581359863,(user_latents|item) + (item_latents|constant),2,64823.3984375,10,2325,"ChoiceDataset(num_items=10, num_users=500, num_sessions=30000, label=[], item_index=[30000], user_index=[30000], session_index=[30000], item_availability=[], user_latents=[500, 30], item_latents=[10, 30], device=cuda:0)","3.12.11 (main, Jul 23 2025, 00:34:44) [Clang 20.1.4 ]",2.9.1+cu128,1.0.6,auto,torch-choice,/home/tianyudu/Development/torch-choice/replication/paper_performance_benchmarks/runs/20260103_031639/synthetic_data,/home/tianyudu/Development/torch-choice/replication/paper_performance_benchmarks/runs/20260103_031639/benchmark_results,all,5,50000,0.03,-1,False,Adam,x86_64,16,NVIDIA GeForce RTX 3090,num_items_experiment_large
30000,36.79796814918518,(user_latents|item) + (item_latents|constant),2,29685.521484375,20,3321,"ChoiceDataset(num_items=20, num_users=500, num_sessions=30000, label=[], item_index=[30000], user_index=[30000], session_index=[30000], item_availability=[], user_latents=[500, 30], item_latents=[20, 30], device=cuda:0)","3.12.11 (main, Jul 23 2025, 00:34:44) [Clang 20.1.4 ]",2.9.1+cu128,1.0.6,auto,torch-choice,/home/tianyudu/Development/torch-choice/replication/paper_performance_benchmarks/runs/20260103_031639/synthetic_data,/home/tianyudu/Development/torch-choice/replication/paper_performance_benchmarks/runs/20260103_031639/benchmark_results,all,5,50000,0.03,-1,False,Adam,x86_64,16,NVIDIA GeForce RTX 3090,num_items_experiment_large
30000,26.084835529327393,(user_latents|item) + (item_latents|constant),2,92877.8515625,30,2320,"ChoiceDataset(num_items=30, num_users=500, num_sessions=30000, label=[], item_index=[30000], user_index=[30000], session_index=[30000], item_availability=[], user_latents=[500, 30], item_latents=[30, 30], device=cuda:0)","3.12.11 (main, Jul 23 2025, 00:34:44) [Clang 20.1.4 ]",2.9.1+cu128,1.0.6,auto,torch-choice,/home/tianyudu/Development/torch-choice/replication/paper_performance_benchmarks/runs/20260103_031639/synthetic_data,/home/tianyudu/Development/torch-choice/replication/paper_performance_benchmarks/runs/20260103_031639/benchmark_results,all,5,50000,0.03,-1,False,Adam,x86_64,16,NVIDIA GeForce RTX 3090,num_items_experiment_large
30000,29.29312562942505,(user_latents|item) + (item_latents|constant),2,90265.40625,50,2517,"ChoiceDataset(num_items=50, num_users=500, num_sessions=30000, label=[], item_index=[30000], user_index=[30000], session_index=[30000], item_availability=[], user_latents=[500, 30], item_latents=[50, 30], device=cuda:0)","3.12.11 (main, Jul 23 2025, 00:34:44) [Clang 20.1.4 ]",2.9.1+cu128,1.0.6,auto,torch-choice,/home/tianyudu/Development/torch-choice/replication/paper_performance_benchmarks/runs/20260103_031639/synthetic_data,/home/tianyudu/Development/torch-choice/replication/paper_performance_benchmarks/runs/20260103_031639/benchmark_results,all,5,50000,0.03,-1,False,Adam,x86_64,16,NVIDIA GeForce RTX 3090,num_items_experiment_large
30000,39.06711435317993,(user_latents|item) + (item_latents|constant),2,130843.796875,100,3121,"ChoiceDataset(num_items=100, num_users=500, num_sessions=30000, label=[], item_index=[30000], user_index=[30000], session_index=[30000], item_availability=[], user_latents=[500, 30], item_latents=[100, 30], device=cuda:0)","3.12.11 (main, Jul 23 2025, 00:34:44) [Clang 20.1.4 ]",2.9.1+cu128,1.0.6,auto,torch-choice,/home/tianyudu/Development/torch-choice/replication/paper_performance_benchmarks/runs/20260103_031639/synthetic_data,/home/tianyudu/Development/torch-choice/replication/paper_performance_benchmarks/runs/20260103_031639/benchmark_results,all,5,50000,0.03,-1,False,Adam,x86_64,16,NVIDIA GeForce RTX 3090,num_items_experiment_large
30000,33.365082025527954,(user_latents|item) + (item_latents|constant),2,89795.703125,150,2472,"ChoiceDataset(num_items=150, num_users=500, num_sessions=30000, label=[], item_index=[30000], user_index=[30000], session_index=[30000], item_availability=[], user_latents=[500, 30], item_latents=[150, 30], device=cuda:0)","3.12.11 (main, Jul 23 2025, 00:34:44) [Clang 20.1.4 ]",2.9.1+cu128,1.0.6,auto,torch-choice,/home/tianyudu/Development/torch-choice/replication/paper_performance_benchmarks/runs/20260103_031639/synthetic_data,/home/tianyudu/Development/torch-choice/replication/paper_performance_benchmarks/runs/20260103_031639/benchmark_results,all,5,50000,0.03,-1,False,Adam,x86_64,16,NVIDIA GeForce RTX 3090,num_items_experiment_large
30000,42.13435411453247,(user_latents|item) + (item_latents|constant),2,127321.4609375,200,2883,"ChoiceDataset(num_items=200, num_users=500, num_sessions=30000, label=[], item_index=[30000], user_index=[30000], session_index=[30000], item_availability=[], user_latents=[500, 30], item_latents=[200, 30], device=cuda:0)","3.12.11 (main, Jul 23 2025, 00:34:44) [Clang 20.1.4 ]",2.9.1+cu128,1.0.6,auto,torch-choice,/home/tianyudu/Development/torch-choice/replication/paper_performance_benchmarks/runs/20260103_031639/synthetic_data,/home/tianyudu/Development/torch-choice/replication/paper_performance_benchmarks/runs/20260103_031639/benchmark_results,all,5,50000,0.03,-1,False,Adam,x86_64,16,NVIDIA GeForce RTX 3090,num_items_experiment_large
30000,38.237876892089844,(user_latents|item) + (item_latents|constant),2,111973.4609375,250,2357,"ChoiceDataset(num_items=250, num_users=500, num_sessions=30000, label=[], item_index=[30000], user_index=[30000], session_index=[30000], item_availability=[], user_latents=[500, 30], item_latents=[250, 30], device=cuda:0)","3.12.11 (main, Jul 23 2025, 00:34:44) [Clang 20.1.4 ]",2.9.1+cu128,1.0.6,auto,torch-choice,/home/tianyudu/Development/torch-choice/replication/paper_performance_benchmarks/runs/20260103_031639/synthetic_data,/home/tianyudu/Development/torch-choice/replication/paper_performance_benchmarks/runs/20260103_031639/benchmark_results,all,5,50000,0.03,-1,False,Adam,x86_64,16,NVIDIA GeForce RTX 3090,num_items_experiment_large
30000,44.47327661514282,(user_latents|item) + (item_latents|constant),2,110729.3203125,300,2428,"ChoiceDataset(num_items=300, num_users=500, num_sessions=30000, label=[], item_index=[30000], user_index=[30000], session_index=[30000], item_availability=[], user_latents=[500, 30], item_latents=[300, 30], device=cuda:0)","3.12.11 (main, Jul 23 2025, 00:34:44) [Clang 20.1.4 ]",2.9.1+cu128,1.0.6,auto,torch-choice,/home/tianyudu/Development/torch-choice/replication/paper_performance_benchmarks/runs/20260103_031639/synthetic_data,/home/tianyudu/Development/torch-choice/replication/paper_performance_benchmarks/runs/20260103_031639/benchmark_results,all,5,50000,0.03,-1,False,Adam,x86_64,16,NVIDIA GeForce RTX 3090,num_items_experiment_large
30000,55.684038162231445,(user_latents|item) + (item_latents|constant),2,114199.0859375,350,2689,"ChoiceDataset(num_items=350, num_users=500, num_sessions=30000, label=[], item_index=[30000], user_index=[30000], session_index=[30000], item_availability=[], user_latents=[500, 30], item_latents=[350, 30], device=cuda:0)","3.12.11 (main, Jul 23 2025, 00:34:44) [Clang 20.1.4 ]",2.9.1+cu128,1.0.6,auto,torch-choice,/home/tianyudu/Development/torch-choice/replication/paper_performance_benchmarks/runs/20260103_031639/synthetic_data,/home/tianyudu/Development/torch-choice/replication/paper_performance_benchmarks/runs/20260103_031639/benchmark_results,all,5,50000,0.03,-1,False,Adam,x86_64,16,NVIDIA GeForce RTX 3090,num_items_experiment_large
30000,59.23610496520996,(user_latents|item) + (item_latents|constant),2,115367.5,400,2599,"ChoiceDataset(num_items=400, num_users=500, num_sessions=30000, label=[], item_index=[30000], user_index=[30000], session_index=[30000], item_availability=[], user_latents=[500, 30], item_latents=[400, 30], device=cuda:0)","3.12.11 (main, Jul 23 2025, 00:34:44) [Clang 20.1.4 ]",2.9.1+cu128,1.0.6,auto,torch-choice,/home/tianyudu/Development/torch-choice/replication/paper_performance_benchmarks/runs/20260103_031639/synthetic_data,/home/tianyudu/Development/torch-choice/replication/paper_performance_benchmarks/runs/20260103_031639/benchmark_results,all,5,50000,0.03,-1,False,Adam,x86_64,16,NVIDIA GeForce RTX 3090,num_items_experiment_large
30000,65.50018692016602,(user_latents|item) + (item_latents|constant),2,121507.15625,450,2566,"ChoiceDataset(num_items=450, num_users=500, num_sessions=30000, label=[], item_index=[30000], user_index=[30000], session_index=[30000], item_availability=[], user_latents=[500, 30], item_latents=[450, 30], device=cuda:0)","3.12.11 (main, Jul 23 2025, 00:34:44) [Clang 20.1.4 ]",2.9.1+cu128,1.0.6,auto,torch-choice,/home/tianyudu/Development/torch-choice/replication/paper_performance_benchmarks/runs/20260103_031639/synthetic_data,/home/tianyudu/Development/torch-choice/replication/paper_performance_benchmarks/runs/20260103_031639/benchmark_results,all,5,50000,0.03,-1,False,Adam,x86_64,16,NVIDIA GeForce RTX 3090,num_items_experiment_large
30000,77.22156095504761,(user_latents|item) + (item_latents|constant),2,125791.890625,500,2707,"ChoiceDataset(num_items=500, num_users=500, num_sessions=30000, label=[], item_index=[30000], user_index=[30000], session_index=[30000], item_availability=[], user_latents=[500, 30], item_latents=[500, 30], device=cuda:0)","3.12.11 (main, Jul 23 2025, 00:34:44) [Clang 20.1.4 ]",2.9.1+cu128,1.0.6,auto,torch-choice,/home/tianyudu/Development/torch-choice/replication/paper_performance_benchmarks/runs/20260103_031639/synthetic_data,/home/tianyudu/Development/torch-choice/replication/paper_performance_benchmarks/runs/20260103_031639/benchmark_results,all,5,50000,0.03,-1,False,Adam,x86_64,16,NVIDIA GeForce RTX 3090,num_items_experiment_large
30000,26.725258588790894,(user_latents|item),2,64824.6484375,10,2478,"ChoiceDataset(num_items=10, num_users=500, num_sessions=30000, label=[], item_index=[30000], user_index=[30000], session_index=[30000], item_availability=[], user_latents=[500, 30], item_latents=[10, 30], device=cuda:0)","3.12.11 (main, Jul 23 2025, 00:34:44) [Clang 20.1.4 ]",2.9.1+cu128,1.0.6,auto,torch-choice,/home/tianyudu/Development/torch-choice/replication/paper_performance_benchmarks/runs/20260103_031639/synthetic_data,/home/tianyudu/Development/torch-choice/replication/paper_performance_benchmarks/runs/20260103_031639/benchmark_results,all,5,50000,0.03,-1,False,Adam,x86_64,16,NVIDIA GeForce RTX 3090,num_items_experiment_large
30000,41.884493589401245,(user_latents|item),2,29670.4453125,20,3884,"ChoiceDataset(num_items=20, num_users=500, num_sessions=30000, label=[], item_index=[30000], user_index=[30000], session_index=[30000], item_availability=[], user_latents=[500, 30], item_latents=[20, 30], device=cuda:0)","3.12.11 (main, Jul 23 2025, 00:34:44) [Clang 20.1.4 ]",2.9.1+cu128,1.0.6,auto,torch-choice,/home/tianyudu/Development/torch-choice/replication/paper_performance_benchmarks/runs/20260103_031639/synthetic_data,/home/tianyudu/Development/torch-choice/replication/paper_performance_benchmarks/runs/20260103_031639/benchmark_results,all,5,50000,0.03,-1,False,Adam,x86_64,16,NVIDIA GeForce RTX 3090,num_items_experiment_large
30000,34.54314947128296,(user_latents|item),2,92855.421875,30,3177,"ChoiceDataset(num_items=30, num_users=500, num_sessions=30000, label=[], item_index=[30000], user_index=[30000], session_index=[30000], item_availability=[], user_latents=[500, 30], item_latents=[30, 30], device=cuda:0)","3.12.11 (main, Jul 23 2025, 00:34:44) [Clang 20.1.4 ]",2.9.1+cu128,1.0.6,auto,torch-choice,/home/tianyudu/Development/torch-choice/replication/paper_performance_benchmarks/runs/20260103_031639/synthetic_data,/home/tianyudu/Development/torch-choice/replication/paper_performance_benchmarks/runs/20260103_031639/benchmark_results,all,5,50000,0.03,-1,False,Adam,x86_64,16,NVIDIA GeForce RTX 3090,num_items_experiment_large
30000,33.70337915420532,(user_latents|item),2,90241.65625,50,3060,"ChoiceDataset(num_items=50, num_users=500, num_sessions=30000, label=[], item_index=[30000], user_index=[30000], session_index=[30000], item_availability=[], user_latents=[500, 30], item_latents=[50, 30], device=cuda:0)","3.12.11 (main, Jul 23 2025, 00:34:44) [Clang 20.1.4 ]",2.9.1+cu128,1.0.6,auto,torch-choice,/home/tianyudu/Development/torch-choice/replication/paper_performance_benchmarks/runs/20260103_031639/synthetic_data,/home/tianyudu/Development/torch-choice/replication/paper_performance_benchmarks/runs/20260103_031639/benchmark_results,all,5,50000,0.03,-1,False,Adam,x86_64,16,NVIDIA GeForce RTX 3090,num_items_experiment_large
30000,40.88717532157898,(user_latents|item),2,130811.859375,100,3552,"ChoiceDataset(num_items=100, num_users=500, num_sessions=30000, label=[], item_index=[30000], user_index=[30000], session_index=[30000], item_availability=[], user_latents=[500, 30], item_latents=[100, 30], device=cuda:0)","3.12.11 (main, Jul 23 2025, 00:34:44) [Clang 20.1.4 ]",2.9.1+cu128,1.0.6,auto,torch-choice,/home/tianyudu/Development/torch-choice/replication/paper_performance_benchmarks/runs/20260103_031639/synthetic_data,/home/tianyudu/Development/torch-choice/replication/paper_performance_benchmarks/runs/20260103_031639/benchmark_results,all,5,50000,0.03,-1,False,Adam,x86_64,16,NVIDIA GeForce RTX 3090,num_items_experiment_large
30000,32.92336916923523,(user_latents|item),2,89805.9296875,150,2713,"ChoiceDataset(num_items=150, num_users=500, num_sessions=30000, label=[], item_index=[30000], user_index=[30000], session_index=[30000], item_availability=[], user_latents=[500, 30], item_latents=[150, 30], device=cuda:0)","3.12.11 (main, Jul 23 2025, 00:34:44) [Clang 20.1.4 ]",2.9.1+cu128,1.0.6,auto,torch-choice,/home/tianyudu/Development/torch-choice/replication/paper_performance_benchmarks/runs/20260103_031639/synthetic_data,/home/tianyudu/Development/torch-choice/replication/paper_performance_benchmarks/runs/20260103_031639/benchmark_results,all,5,50000,0.03,-1,False,Adam,x86_64,16,NVIDIA GeForce RTX 3090,num_items_experiment_large
30000,37.34078335762024,(user_latents|item),2,127267.7265625,200,2916,"ChoiceDataset(num_items=200, num_users=500, num_sessions=30000, label=[], item_index=[30000], user_index=[30000], session_index=[30000], item_availability=[], user_latents=[500, 30], item_latents=[200, 30], device=cuda:0)","3.12.11 (main, Jul 23 2025, 00:34:44) [Clang 20.1.4 ]",2.9.1+cu128,1.0.6,auto,torch-choice,/home/tianyudu/Development/torch-choice/replication/paper_performance_benchmarks/runs/20260103_031639/synthetic_data,/home/tianyudu/Development/torch-choice/replication/paper_performance_benchmarks/runs/20260103_031639/benchmark_results,all,5,50000,0.03,-1,False,Adam,x86_64,16,NVIDIA GeForce RTX 3090,num_items_experiment_large
30000,42.3011634349823,(user_latents|item),2,111981.734375,250,3183,"ChoiceDataset(num_items=250, num_users=500, num_sessions=30000, label=[], item_index=[30000], user_index=[30000], session_index=[30000], item_availability=[], user_latents=[500, 30], item_latents=[250, 30], device=cuda:0)","3.12.11 (main, Jul 23 2025, 00:34:44) [Clang 20.1.4 ]",2.9.1+cu128,1.0.6,auto,torch-choice,/home/tianyudu/Development/torch-choice/replication/paper_performance_benchmarks/runs/20260103_031639/synthetic_data,/home/tianyudu/Development/torch-choice/replication/paper_performance_benchmarks/runs/20260103_031639/benchmark_results,all,5,50000,0.03,-1,False,Adam,x86_64,16,NVIDIA GeForce RTX 3090,num_items_experiment_large
30000,36.91385817527771,(user_latents|item),2,110716.8203125,300,2623,"ChoiceDataset(num_items=300, num_users=500, num_sessions=30000, label=[], item_index=[30000], user_index=[30000], session_index=[30000], item_availability=[], user_latents=[500, 30], item_latents=[300, 30], device=cuda:0)","3.12.11 (main, Jul 23 2025, 00:34:44) [Clang 20.1.4 ]",2.9.1+cu128,1.0.6,auto,torch-choice,/home/tianyudu/Development/torch-choice/replication/paper_performance_benchmarks/runs/20260103_031639/synthetic_data,/home/tianyudu/Development/torch-choice/replication/paper_performance_benchmarks/runs/20260103_031639/benchmark_results,all,5,50000,0.03,-1,False,Adam,x86_64,16,NVIDIA GeForce RTX 3090,num_items_experiment_large
30000,45.792420387268066,(user_latents|item),2,114132.390625,350,3126,"ChoiceDataset(num_items=350, num_users=500, num_sessions=30000, label=[], item_index=[30000], user_index=[30000], session_index=[30000], item_availability=[], user_latents=[500, 30], item_latents=[350, 30], device=cuda:0)","3.12.11 (main, Jul 23 2025, 00:34:44) [Clang 20.1.4 ]",2.9.1+cu128,1.0.6,auto,torch-choice,/home/tianyudu/Development/torch-choice/replication/paper_performance_benchmarks/runs/20260103_031639/synthetic_data,/home/tianyudu/Development/torch-choice/replication/paper_performance_benchmarks/runs/20260103_031639/benchmark_results,all,5,50000,0.03,-1,False,Adam,x86_64,16,NVIDIA GeForce RTX 3090,num_items_experiment_large
30000,42.68256139755249,(user_latents|item),2,115317.328125,400,2765,"ChoiceDataset(num_items=400, num_users=500, num_sessions=30000, label=[], item_index=[30000], user_index=[30000], session_index=[30000], item_availability=[], user_latents=[500, 30], item_latents=[400, 30], device=cuda:0)","3.12.11 (main, Jul 23 2025, 00:34:44) [Clang 20.1.4 ]",2.9.1+cu128,1.0.6,auto,torch-choice,/home/tianyudu/Development/torch-choice/replication/paper_performance_benchmarks/runs/20260103_031639/synthetic_data,/home/tianyudu/Development/torch-choice/replication/paper_performance_benchmarks/runs/20260103_031639/benchmark_results,all,5,50000,0.03,-1,False,Adam,x86_64,16,NVIDIA GeForce RTX 3090,num_items_experiment_large
30000,53.88281536102295,(user_latents|item),2,121473.1875,450,3330,"ChoiceDataset(num_items=450, num_users=500, num_sessions=30000, label=[], item_index=[30000], user_index=[30000], session_index=[30000], item_availability=[], user_latents=[500, 30], item_latents=[450, 30], device=cuda:0)","3.12.11 (main, Jul 23 2025, 00:34:44) [Clang 20.1.4 ]",2.9.1+cu128,1.0.6,auto,torch-choice,/home/tianyudu/Development/torch-choice/replication/paper_performance_benchmarks/runs/20260103_031639/synthetic_data,/home/tianyudu/Development/torch-choice/replication/paper_performance_benchmarks/runs/20260103_031639/benchmark_results,all,5,50000,0.03,-1,False,Adam,x86_64,16,NVIDIA GeForce RTX 3090,num_items_experiment_large
30000,55.9898624420166,(user_latents|item),2,125720.9765625,500,3279,"ChoiceDataset(num_items=500, num_users=500, num_sessions=30000, label=[], item_index=[30000], user_index=[30000], session_index=[30000], item_availability=[], user_latents=[500, 30], item_latents=[500, 30], device=cuda:0)","3.12.11 (main, Jul 23 2025, 00:34:44) [Clang 20.1.4 ]",2.9.1+cu128,1.0.6,auto,torch-choice,/home/tianyudu/Development/torch-choice/replication/paper_performance_benchmarks/runs/20260103_031639/synthetic_data,/home/tianyudu/Development/torch-choice/replication/paper_performance_benchmarks/runs/20260103_031639/benchmark_results,all,5,50000,0.03,-1,False,Adam,x86_64,16,NVIDIA GeForce RTX 3090,num_items_experiment_large
30000,8.665942430496216,(item_latents|constant),2,67464.1953125,10,801,"ChoiceDataset(num_items=10, num_users=500, num_sessions=30000, label=[], item_index=[30000], user_index=[30000], session_index=[30000], item_availability=[], user_latents=[500, 30], item_latents=[10, 30], device=cuda:0)","3.12.11 (main, Jul 23 2025, 00:34:44) [Clang 20.1.4 ]",2.9.1+cu128,1.0.6,auto,torch-choice,/home/tianyudu/Development/torch-choice/replication/paper_performance_benchmarks/runs/20260103_031639/synthetic_data,/home/tianyudu/Development/torch-choice/replication/paper_performance_benchmarks/runs/20260103_031639/benchmark_results,all,5,50000,0.03,-1,False,Adam,x86_64,16,NVIDIA GeForce RTX 3090,num_items_experiment_large
30000,45.98302507400513,(item_latents|constant),2,40006.80078125,20,4251,"ChoiceDataset(num_items=20, num_users=500, num_sessions=30000, label=[], item_index=[30000], user_index=[30000], session_index=[30000], item_availability=[], user_latents=[500, 30], item_latents=[20, 30], device=cuda:0)","3.12.11 (main, Jul 23 2025, 00:34:44) [Clang 20.1.4 ]",2.9.1+cu128,1.0.6,auto,torch-choice,/home/tianyudu/Development/torch-choice/replication/paper_performance_benchmarks/runs/20260103_031639/synthetic_data,/home/tianyudu/Development/torch-choice/replication/paper_performance_benchmarks/runs/20260103_031639/benchmark_results,all,5,50000,0.03,-1,False,Adam,x86_64,16,NVIDIA GeForce RTX 3090,num_items_experiment_large
30000,60.58546042442322,(item_latents|constant),2,97174.0625,30,5592,"ChoiceDataset(num_items=30, num_users=500, num_sessions=30000, label=[], item_index=[30000], user_index=[30000], session_index=[30000], item_availability=[], user_latents=[500, 30], item_latents=[30, 30], device=cuda:0)","3.12.11 (main, Jul 23 2025, 00:34:44) [Clang 20.1.4 ]",2.9.1+cu128,1.0.6,auto,torch-choice,/home/tianyudu/Development/torch-choice/replication/paper_performance_benchmarks/runs/20260103_031639/synthetic_data,/home/tianyudu/Development/torch-choice/replication/paper_performance_benchmarks/runs/20260103_031639/benchmark_results,all,5,50000,0.03,-1,False,Adam,x86_64,16,NVIDIA GeForce RTX 3090,num_items_experiment_large
30000,37.299689531326294,(item_latents|constant),2,107417.3515625,50,3438,"ChoiceDataset(num_items=50, num_users=500, num_sessions=30000, label=[], item_index=[30000], user_index=[30000], session_index=[30000], item_availability=[], user_latents=[500, 30], item_latents=[50, 30], device=cuda:0)","3.12.11 (main, Jul 23 2025, 00:34:44) [Clang 20.1.4 ]",2.9.1+cu128,1.0.6,auto,torch-choice,/home/tianyudu/Development/torch-choice/replication/paper_performance_benchmarks/runs/20260103_031639/synthetic_data,/home/tianyudu/Development/torch-choice/replication/paper_performance_benchmarks/runs/20260103_031639/benchmark_results,all,5,50000,0.03,-1,False,Adam,x86_64,16,NVIDIA GeForce RTX 3090,num_items_experiment_large
30000,20.46137809753418,(item_latents|constant),2,137248.625,100,1807,"ChoiceDataset(num_items=100, num_users=500, num_sessions=30000, label=[], item_index=[30000], user_index=[30000], session_index=[30000], item_availability=[], user_latents=[500, 30], item_latents=[100, 30], device=cuda:0)","3.12.11 (main, Jul 23 2025, 00:34:44) [Clang 20.1.4 ]",2.9.1+cu128,1.0.6,auto,torch-choice,/home/tianyudu/Development/torch-choice/replication/paper_performance_benchmarks/runs/20260103_031639/synthetic_data,/home/tianyudu/Development/torch-choice/replication/paper_performance_benchmarks/runs/20260103_031639/benchmark_results,all,5,50000,0.03,-1,False,Adam,x86_64,16,NVIDIA GeForce RTX 3090,num_items_experiment_large
30000,21.518157720565796,(item_latents|constant),2,122095.25,150,1843,"ChoiceDataset(num_items=150, num_users=500, num_sessions=30000, label=[], item_index=[30000], user_index=[30000], session_index=[30000], item_availability=[], user_latents=[500, 30], item_latents=[150, 30], device=cuda:0)","3.12.11 (main, Jul 23 2025, 00:34:44) [Clang 20.1.4 ]",2.9.1+cu128,1.0.6,auto,torch-choice,/home/tianyudu/Development/torch-choice/replication/paper_performance_benchmarks/runs/20260103_031639/synthetic_data,/home/tianyudu/Development/torch-choice/replication/paper_performance_benchmarks/runs/20260103_031639/benchmark_results,all,5,50000,0.03,-1,False,Adam,x86_64,16,NVIDIA GeForce RTX 3090,num_items_experiment_large
30000,18.688050746917725,(item_latents|constant),2,151758.71875,200,1535,"ChoiceDataset(num_items=200, num_users=500, num_sessions=30000, label=[], item_index=[30000], user_index=[30000], session_index=[30000], item_availability=[], user_latents=[500, 30], item_latents=[200, 30], device=cuda:0)","3.12.11 (main, Jul 23 2025, 00:34:44) [Clang 20.1.4 ]",2.9.1+cu128,1.0.6,auto,torch-choice,/home/tianyudu/Development/torch-choice/replication/paper_performance_benchmarks/runs/20260103_031639/synthetic_data,/home/tianyudu/Development/torch-choice/replication/paper_performance_benchmarks/runs/20260103_031639/benchmark_results,all,5,50000,0.03,-1,False,Adam,x86_64,16,NVIDIA GeForce RTX 3090,num_items_experiment_large
30000,12.709208488464355,(item_latents|constant),2,150169.40625,250,988,"ChoiceDataset(num_items=250, num_users=500, num_sessions=30000, label=[], item_index=[30000], user_index=[30000], session_index=[30000], item_availability=[], user_latents=[500, 30], item_latents=[250, 30], device=cuda:0)","3.12.11 (main, Jul 23 2025, 00:34:44) [Clang 20.1.4 ]",2.9.1+cu128,1.0.6,auto,torch-choice,/home/tianyudu/Development/torch-choice/replication/paper_performance_benchmarks/runs/20260103_031639/synthetic_data,/home/tianyudu/Development/torch-choice/replication/paper_performance_benchmarks/runs/20260103_031639/benchmark_results,all,5,50000,0.03,-1,False,Adam,x86_64,16,NVIDIA GeForce RTX 3090,num_items_experiment_large
30000,25.211096048355103,(item_latents|constant),2,148009.71875,300,1916,"ChoiceDataset(num_items=300, num_users=500, num_sessions=30000, label=[], item_index=[30000], user_index=[30000], session_index=[30000], item_availability=[], user_latents=[500, 30], item_latents=[300, 30], device=cuda:0)","3.12.11 (main, Jul 23 2025, 00:34:44) [Clang 20.1.4 ]",2.9.1+cu128,1.0.6,auto,torch-choice,/home/tianyudu/Development/torch-choice/replication/paper_performance_benchmarks/runs/20260103_031639/synthetic_data,/home/tianyudu/Development/torch-choice/replication/paper_performance_benchmarks/runs/20260103_031639/benchmark_results,all,5,50000,0.03,-1,False,Adam,x86_64,16,NVIDIA GeForce RTX 3090,num_items_experiment_large
30000,17.60544466972351,(item_latents|constant),2,153021.046875,350,1292,"ChoiceDataset(num_items=350, num_users=500, num_sessions=30000, label=[], item_index=[30000], user_index=[30000], session_index=[30000], item_availability=[], user_latents=[500, 30], item_latents=[350, 30], device=cuda:0)","3.12.11 (main, Jul 23 2025, 00:34:44) [Clang 20.1.4 ]",2.9.1+cu128,1.0.6,auto,torch-choice,/home/tianyudu/Development/torch-choice/replication/paper_performance_benchmarks/runs/20260103_031639/synthetic_data,/home/tianyudu/Development/torch-choice/replication/paper_performance_benchmarks/runs/20260103_031639/benchmark_results,all,5,50000,0.03,-1,False,Adam,x86_64,16,NVIDIA GeForce RTX 3090,num_items_experiment_large
30000,21.56832456588745,(item_latents|constant),2,161946.625,400,1531,"ChoiceDataset(num_items=400, num_users=500, num_sessions=30000, label=[], item_index=[30000], user_index=[30000], session_index=[30000], item_availability=[], user_latents=[500, 30], item_latents=[400, 30], device=cuda:0)","3.12.11 (main, Jul 23 2025, 00:34:44) [Clang 20.1.4 ]",2.9.1+cu128,1.0.6,auto,torch-choice,/home/tianyudu/Development/torch-choice/replication/paper_performance_benchmarks/runs/20260103_031639/synthetic_data,/home/tianyudu/Development/torch-choice/replication/paper_performance_benchmarks/runs/20260103_031639/benchmark_results,all,5,50000,0.03,-1,False,Adam,x86_64,16,NVIDIA GeForce RTX 3090,num_items_experiment_large
30000,22.240604639053345,(item_latents|constant),2,166645.78125,450,1506,"ChoiceDataset(num_items=450, num_users=500, num_sessions=30000, label=[], item_index=[30000], user_index=[30000], session_index=[30000], item_availability=[], user_latents=[500, 30], item_latents=[450, 30], device=cuda:0)","3.12.11 (main, Jul 23 2025, 00:34:44) [Clang 20.1.4 ]",2.9.1+cu128,1.0.6,auto,torch-choice,/home/tianyudu/Development/torch-choice/replication/paper_performance_benchmarks/runs/20260103_031639/synthetic_data,/home/tianyudu/Development/torch-choice/replication/paper_performance_benchmarks/runs/20260103_031639/benchmark_results,all,5,50000,0.03,-1,False,Adam,x86_64,16,NVIDIA GeForce RTX 3090,num_items_experiment_large
30000,19.02050256729126,(item_latents|constant),2,170788.40625,500,1219,"ChoiceDataset(num_items=500, num_users=500, num_sessions=30000, label=[], item_index=[30000], user_index=[30000], session_index=[30000], item_availability=[], user_latents=[500, 30], item_latents=[500, 30], device=cuda:0)","3.12.11 (main, Jul 23 2025, 00:34:44) [Clang 20.1.4 ]",2.9.1+cu128,1.0.6,auto,torch-choice,/home/tianyudu/Development/torch-choice/replication/paper_performance_benchmarks/runs/20260103_031639/synthetic_data,/home/tianyudu/Development/torch-choice/replication/paper_performance_benchmarks/runs/20260103_031639/benchmark_results,all,5,50000,0.03,-1,False,Adam,x86_64,16,NVIDIA GeForce RTX 3090,num_items_experiment_large
30000,19.33163022994995,(user_latents|item) + (item_latents|constant),3,64834.7265625,10,1794,"ChoiceDataset(num_items=10, num_users=500, num_sessions=30000, label=[], item_index=[30000], user_index=[30000], session_index=[30000], item_availability=[], user_latents=[500, 30], item_latents=[10, 30], device=cuda:0)","3.12.11 (main, Jul 23 2025, 00:34:44) [Clang 20.1.4 ]",2.9.1+cu128,1.0.6,auto,torch-choice,/home/tianyudu/Development/torch-choice/replication/paper_performance_benchmarks/runs/20260103_031639/synthetic_data,/home/tianyudu/Development/torch-choice/replication/paper_performance_benchmarks/runs/20260103_031639/benchmark_results,all,5,50000,0.03,-1,False,Adam,x86_64,16,NVIDIA GeForce RTX 3090,num_items_experiment_large
30000,26.673811197280884,(user_latents|item) + (item_latents|constant),3,29675.16796875,20,2400,"ChoiceDataset(num_items=20, num_users=500, num_sessions=30000, label=[], item_index=[30000], user_index=[30000], session_index=[30000], item_availability=[], user_latents=[500, 30], item_latents=[20, 30], device=cuda:0)","3.12.11 (main, Jul 23 2025, 00:34:44) [Clang 20.1.4 ]",2.9.1+cu128,1.0.6,auto,torch-choice,/home/tianyudu/Development/torch-choice/replication/paper_performance_benchmarks/runs/20260103_031639/synthetic_data,/home/tianyudu/Development/torch-choice/replication/paper_performance_benchmarks/runs/20260103_031639/benchmark_results,all,5,50000,0.03,-1,False,Adam,x86_64,16,NVIDIA GeForce RTX 3090,num_items_experiment_large
30000,23.275794982910156,(user_latents|item) + (item_latents|constant),3,92898.515625,30,2066,"ChoiceDataset(num_items=30, num_users=500, num_sessions=30000, label=[], item_index=[30000], user_index=[30000], session_index=[30000], item_availability=[], user_latents=[500, 30], item_latents=[30, 30], device=cuda:0)","3.12.11 (main, Jul 23 2025, 00:34:44) [Clang 20.1.4 ]",2.9.1+cu128,1.0.6,auto,torch-choice,/home/tianyudu/Development/torch-choice/replication/paper_performance_benchmarks/runs/20260103_031639/synthetic_data,/home/tianyudu/Development/torch-choice/replication/paper_performance_benchmarks/runs/20260103_031639/benchmark_results,all,5,50000,0.03,-1,False,Adam,x86_64,16,NVIDIA GeForce RTX 3090,num_items_experiment_large
30000,28.523186445236206,(user_latents|item) + (item_latents|constant),3,90274.109375,50,2456,"ChoiceDataset(num_items=50, num_users=500, num_sessions=30000, label=[], item_index=[30000], user_index=[30000], session_index=[30000], item_availability=[], user_latents=[500, 30], item_latents=[50, 30], device=cuda:0)","3.12.11 (main, Jul 23 2025, 00:34:44) [Clang 20.1.4 ]",2.9.1+cu128,1.0.6,auto,torch-choice,/home/tianyudu/Development/torch-choice/replication/paper_performance_benchmarks/runs/20260103_031639/synthetic_data,/home/tianyudu/Development/torch-choice/replication/paper_performance_benchmarks/runs/20260103_031639/benchmark_results,all,5,50000,0.03,-1,False,Adam,x86_64,16,NVIDIA GeForce RTX 3090,num_items_experiment_large
30000,25.193981885910034,(user_latents|item) + (item_latents|constant),3,130845.609375,100,2009,"ChoiceDataset(num_items=100, num_users=500, num_sessions=30000, label=[], item_index=[30000], user_index=[30000], session_index=[30000], item_availability=[], user_latents=[500, 30], item_latents=[100, 30], device=cuda:0)","3.12.11 (main, Jul 23 2025, 00:34:44) [Clang 20.1.4 ]",2.9.1+cu128,1.0.6,auto,torch-choice,/home/tianyudu/Development/torch-choice/replication/paper_performance_benchmarks/runs/20260103_031639/synthetic_data,/home/tianyudu/Development/torch-choice/replication/paper_performance_benchmarks/runs/20260103_031639/benchmark_results,all,5,50000,0.03,-1,False,Adam,x86_64,16,NVIDIA GeForce RTX 3090,num_items_experiment_large
30000,25.545477151870728,(user_latents|item) + (item_latents|constant),3,89868.890625,150,1892,"ChoiceDataset(num_items=150, num_users=500, num_sessions=30000, label=[], item_index=[30000], user_index=[30000], session_index=[30000], item_availability=[], user_latents=[500, 30], item_latents=[150, 30], device=cuda:0)","3.12.11 (main, Jul 23 2025, 00:34:44) [Clang 20.1.4 ]",2.9.1+cu128,1.0.6,auto,torch-choice,/home/tianyudu/Development/torch-choice/replication/paper_performance_benchmarks/runs/20260103_031639/synthetic_data,/home/tianyudu/Development/torch-choice/replication/paper_performance_benchmarks/runs/20260103_031639/benchmark_results,all,5,50000,0.03,-1,False,Adam,x86_64,16,NVIDIA GeForce RTX 3090,num_items_experiment_large
30000,32.87884521484375,(user_latents|item) + (item_latents|constant),3,127307.40625,200,2247,"ChoiceDataset(num_items=200, num_users=500, num_sessions=30000, label=[], item_index=[30000], user_index=[30000], session_index=[30000], item_availability=[], user_latents=[500, 30], item_latents=[200, 30], device=cuda:0)","3.12.11 (main, Jul 23 2025, 00:34:44) [Clang 20.1.4 ]",2.9.1+cu128,1.0.6,auto,torch-choice,/home/tianyudu/Development/torch-choice/replication/paper_performance_benchmarks/runs/20260103_031639/synthetic_data,/home/tianyudu/Development/torch-choice/replication/paper_performance_benchmarks/runs/20260103_031639/benchmark_results,all,5,50000,0.03,-1,False,Adam,x86_64,16,NVIDIA GeForce RTX 3090,num_items_experiment_large
30000,40.17110753059387,(user_latents|item) + (item_latents|constant),3,112003.0,250,2481,"ChoiceDataset(num_items=250, num_users=500, num_sessions=30000, label=[], item_index=[30000], user_index=[30000], session_index=[30000], item_availability=[], user_latents=[500, 30], item_latents=[250, 30], device=cuda:0)","3.12.11 (main, Jul 23 2025, 00:34:44) [Clang 20.1.4 ]",2.9.1+cu128,1.0.6,auto,torch-choice,/home/tianyudu/Development/torch-choice/replication/paper_performance_benchmarks/runs/20260103_031639/synthetic_data,/home/tianyudu/Development/torch-choice/replication/paper_performance_benchmarks/runs/20260103_031639/benchmark_results,all,5,50000,0.03,-1,False,Adam,x86_64,16,NVIDIA GeForce RTX 3090,num_items_experiment_large
30000,48.2210795879364,(user_latents|item) + (item_latents|constant),3,110737.265625,300,2625,"ChoiceDataset(num_items=300, num_users=500, num_sessions=30000, label=[], item_index=[30000], user_index=[30000], session_index=[30000], item_availability=[], user_latents=[500, 30], item_latents=[300, 30], device=cuda:0)","3.12.11 (main, Jul 23 2025, 00:34:44) [Clang 20.1.4 ]",2.9.1+cu128,1.0.6,auto,torch-choice,/home/tianyudu/Development/torch-choice/replication/paper_performance_benchmarks/runs/20260103_031639/synthetic_data,/home/tianyudu/Development/torch-choice/replication/paper_performance_benchmarks/runs/20260103_031639/benchmark_results,all,5,50000,0.03,-1,False,Adam,x86_64,16,NVIDIA GeForce RTX 3090,num_items_experiment_large
30000,58.268454790115356,(user_latents|item) + (item_latents|constant),3,114168.59375,350,2811,"ChoiceDataset(num_items=350, num_users=500, num_sessions=30000, label=[], item_index=[30000], user_index=[30000], session_index=[30000], item_availability=[], user_latents=[500, 30], item_latents=[350, 30], device=cuda:0)","3.12.11 (main, Jul 23 2025, 00:34:44) [Clang 20.1.4 ]",2.9.1+cu128,1.0.6,auto,torch-choice,/home/tianyudu/Development/torch-choice/replication/paper_performance_benchmarks/runs/20260103_031639/synthetic_data,/home/tianyudu/Development/torch-choice/replication/paper_performance_benchmarks/runs/20260103_031639/benchmark_results,all,5,50000,0.03,-1,False,Adam,x86_64,16,NVIDIA GeForce RTX 3090,num_items_experiment_large
30000,56.960413217544556,(user_latents|item) + (item_latents|constant),3,115361.171875,400,2503,"ChoiceDataset(num_items=400, num_users=500, num_sessions=30000, label=[], item_index=[30000], user_index=[30000], session_index=[30000], item_availability=[], user_latents=[500, 30], item_latents=[400, 30], device=cuda:0)","3.12.11 (main, Jul 23 2025, 00:34:44) [Clang 20.1.4 ]",2.9.1+cu128,1.0.6,auto,torch-choice,/home/tianyudu/Development/torch-choice/replication/paper_performance_benchmarks/runs/20260103_031639/synthetic_data,/home/tianyudu/Development/torch-choice/replication/paper_performance_benchmarks/runs/20260103_031639/benchmark_results,all,5,50000,0.03,-1,False,Adam,x86_64,16,NVIDIA GeForce RTX 3090,num_items_experiment_large
30000,78.33914399147034,(user_latents|item) + (item_latents|constant),3,121492.8359375,450,3071,"ChoiceDataset(num_items=450, num_users=500, num_sessions=30000, label=[], item_index=[30000], user_index=[30000], session_index=[30000], item_availability=[], user_latents=[500, 30], item_latents=[450, 30], device=cuda:0)","3.12.11 (main, Jul 23 2025, 00:34:44) [Clang 20.1.4 ]",2.9.1+cu128,1.0.6,auto,torch-choice,/home/tianyudu/Development/torch-choice/replication/paper_performance_benchmarks/runs/20260103_031639/synthetic_data,/home/tianyudu/Development/torch-choice/replication/paper_performance_benchmarks/runs/20260103_031639/benchmark_results,all,5,50000,0.03,-1,False,Adam,x86_64,16,NVIDIA GeForce RTX 3090,num_items_experiment_large
30000,67.09465074539185,(user_latents|item) + (item_latents|constant),3,125831.046875,500,2354,"ChoiceDataset(num_items=500, num_users=500, num_sessions=30000, label=[], item_index=[30000], user_index=[30000], session_index=[30000], item_availability=[], user_latents=[500, 30], item_latents=[500, 30], device=cuda:0)","3.12.11 (main, Jul 23 2025, 00:34:44) [Clang 20.1.4 ]",2.9.1+cu128,1.0.6,auto,torch-choice,/home/tianyudu/Development/torch-choice/replication/paper_performance_benchmarks/runs/20260103_031639/synthetic_data,/home/tianyudu/Development/torch-choice/replication/paper_performance_benchmarks/runs/20260103_031639/benchmark_results,all,5,50000,0.03,-1,False,Adam,x86_64,16,NVIDIA GeForce RTX 3090,num_items_experiment_large
30000,22.216850757598877,(user_latents|item),3,64824.7734375,10,2058,"ChoiceDataset(num_items=10, num_users=500, num_sessions=30000, label=[], item_index=[30000], user_index=[30000], session_index=[30000], item_availability=[], user_latents=[500, 30], item_latents=[10, 30], device=cuda:0)","3.12.11 (main, Jul 23 2025, 00:34:44) [Clang 20.1.4 ]",2.9.1+cu128,1.0.6,auto,torch-choice,/home/tianyudu/Development/torch-choice/replication/paper_performance_benchmarks/runs/20260103_031639/synthetic_data,/home/tianyudu/Development/torch-choice/replication/paper_performance_benchmarks/runs/20260103_031639/benchmark_results,all,5,50000,0.03,-1,False,Adam,x86_64,16,NVIDIA GeForce RTX 3090,num_items_experiment_large
30000,35.82490253448486,(user_latents|item),3,29667.3515625,20,3300,"ChoiceDataset(num_items=20, num_users=500, num_sessions=30000, label=[], item_index=[30000], user_index=[30000], session_index=[30000], item_availability=[], user_latents=[500, 30], item_latents=[20, 30], device=cuda:0)","3.12.11 (main, Jul 23 2025, 00:34:44) [Clang 20.1.4 ]",2.9.1+cu128,1.0.6,auto,torch-choice,/home/tianyudu/Development/torch-choice/replication/paper_performance_benchmarks/runs/20260103_031639/synthetic_data,/home/tianyudu/Development/torch-choice/replication/paper_performance_benchmarks/runs/20260103_031639/benchmark_results,all,5,50000,0.03,-1,False,Adam,x86_64,16,NVIDIA GeForce RTX 3090,num_items_experiment_large
30000,28.50719404220581,(user_latents|item),3,92857.0078125,30,2613,"ChoiceDataset(num_items=30, num_users=500, num_sessions=30000, label=[], item_index=[30000], user_index=[30000], session_index=[30000], item_availability=[], user_latents=[500, 30], item_latents=[30, 30], device=cuda:0)","3.12.11 (main, Jul 23 2025, 00:34:44) [Clang 20.1.4 ]",2.9.1+cu128,1.0.6,auto,torch-choice,/home/tianyudu/Development/torch-choice/replication/paper_performance_benchmarks/runs/20260103_031639/synthetic_data,/home/tianyudu/Development/torch-choice/replication/paper_performance_benchmarks/runs/20260103_031639/benchmark_results,all,5,50000,0.03,-1,False,Adam,x86_64,16,NVIDIA GeForce RTX 3090,num_items_experiment_large
30000,37.19868803024292,(user_latents|item),3,90242.0625,50,3371,"ChoiceDataset(num_items=50, num_users=500, num_sessions=30000, label=[], item_index=[30000], user_index=[30000], session_index=[30000], item_availability=[], user_latents=[500, 30], item_latents=[50, 30], device=cuda:0)","3.12.11 (main, Jul 23 2025, 00:34:44) [Clang 20.1.4 ]",2.9.1+cu128,1.0.6,auto,torch-choice,/home/tianyudu/Development/torch-choice/replication/paper_performance_benchmarks/runs/20260103_031639/synthetic_data,/home/tianyudu/Development/torch-choice/replication/paper_performance_benchmarks/runs/20260103_031639/benchmark_results,all,5,50000,0.03,-1,False,Adam,x86_64,16,NVIDIA GeForce RTX 3090,num_items_experiment_large
30000,39.36217951774597,(user_latents|item),3,130809.5625,100,3385,"ChoiceDataset(num_items=100, num_users=500, num_sessions=30000, label=[], item_index=[30000], user_index=[30000], session_index=[30000], item_availability=[], user_latents=[500, 30], item_latents=[100, 30], device=cuda:0)","3.12.11 (main, Jul 23 2025, 00:34:44) [Clang 20.1.4 ]",2.9.1+cu128,1.0.6,auto,torch-choice,/home/tianyudu/Development/torch-choice/replication/paper_performance_benchmarks/runs/20260103_031639/synthetic_data,/home/tianyudu/Development/torch-choice/replication/paper_performance_benchmarks/runs/20260103_031639/benchmark_results,all,5,50000,0.03,-1,False,Adam,x86_64,16,NVIDIA GeForce RTX 3090,num_items_experiment_large
30000,41.239545822143555,(user_latents|item),3,89803.125,150,3408,"ChoiceDataset(num_items=150, num_users=500, num_sessions=30000, label=[], item_index=[30000], user_index=[30000], session_index=[30000], item_availability=[], user_latents=[500, 30], item_latents=[150, 30], device=cuda:0)","3.12.11 (main, Jul 23 2025, 00:34:44) [Clang 20.1.4 ]",2.9.1+cu128,1.0.6,auto,torch-choice,/home/tianyudu/Development/torch-choice/replication/paper_performance_benchmarks/runs/20260103_031639/synthetic_data,/home/tianyudu/Development/torch-choice/replication/paper_performance_benchmarks/runs/20260103_031639/benchmark_results,all,5,50000,0.03,-1,False,Adam,x86_64,16,NVIDIA GeForce RTX 3090,num_items_experiment_large
30000,42.65638446807861,(user_latents|item),3,127265.21875,200,3330,"ChoiceDataset(num_items=200, num_users=500, num_sessions=30000, label=[], item_index=[30000], user_index=[30000], session_index=[30000], item_availability=[], user_latents=[500, 30], item_latents=[200, 30], device=cuda:0)","3.12.11 (main, Jul 23 2025, 00:34:44) [Clang 20.1.4 ]",2.9.1+cu128,1.0.6,auto,torch-choice,/home/tianyudu/Development/torch-choice/replication/paper_performance_benchmarks/runs/20260103_031639/synthetic_data,/home/tianyudu/Development/torch-choice/replication/paper_performance_benchmarks/runs/20260103_031639/benchmark_results,all,5,50000,0.03,-1,False,Adam,x86_64,16,NVIDIA GeForce RTX 3090,num_items_experiment_large
30000,41.834452390670776,(user_latents|item),3,111970.546875,250,3163,"ChoiceDataset(num_items=250, num_users=500, num_sessions=30000, label=[], item_index=[30000], user_index=[30000], session_index=[30000], item_availability=[], user_latents=[500, 30], item_latents=[250, 30], device=cuda:0)","3.12.11 (main, Jul 23 2025, 00:34:44) [Clang 20.1.4 ]",2.9.1+cu128,1.0.6,auto,torch-choice,/home/tianyudu/Development/torch-choice/replication/paper_performance_benchmarks/runs/20260103_031639/synthetic_data,/home/tianyudu/Development/torch-choice/replication/paper_performance_benchmarks/runs/20260103_031639/benchmark_results,all,5,50000,0.03,-1,False,Adam,x86_64,16,NVIDIA GeForce RTX 3090,num_items_experiment_large
30000,37.238856077194214,(user_latents|item),3,110712.9140625,300,2666,"ChoiceDataset(num_items=300, num_users=500, num_sessions=30000, label=[], item_index=[30000], user_index=[30000], session_index=[30000], item_availability=[], user_latents=[500, 30], item_latents=[300, 30], device=cuda:0)","3.12.11 (main, Jul 23 2025, 00:34:44) [Clang 20.1.4 ]",2.9.1+cu128,1.0.6,auto,torch-choice,/home/tianyudu/Development/torch-choice/replication/paper_performance_benchmarks/runs/20260103_031639/synthetic_data,/home/tianyudu/Development/torch-choice/replication/paper_performance_benchmarks/runs/20260103_031639/benchmark_results,all,5,50000,0.03,-1,False,Adam,x86_64,16,NVIDIA GeForce RTX 3090,num_items_experiment_large
30000,51.50826954841614,(user_latents|item),3,114137.953125,350,3515,"ChoiceDataset(num_items=350, num_users=500, num_sessions=30000, label=[], item_index=[30000], user_index=[30000], session_index=[30000], item_availability=[], user_latents=[500, 30], item_latents=[350, 30], device=cuda:0)","3.12.11 (main, Jul 23 2025, 00:34:44) [Clang 20.1.4 ]",2.9.1+cu128,1.0.6,auto,torch-choice,/home/tianyudu/Development/torch-choice/replication/paper_performance_benchmarks/runs/20260103_031639/synthetic_data,/home/tianyudu/Development/torch-choice/replication/paper_performance_benchmarks/runs/20260103_031639/benchmark_results,all,5,50000,0.03,-1,False,Adam,x86_64,16,NVIDIA GeForce RTX 3090,num_items_experiment_large
30000,51.15779185295105,(user_latents|item),3,115310.25,400,3324,"ChoiceDataset(num_items=400, num_users=500, num_sessions=30000, label=[], item_index=[30000], user_index=[30000], session_index=[30000], item_availability=[], user_latents=[500, 30], item_latents=[400, 30], device=cuda:0)","3.12.11 (main, Jul 23 2025, 00:34:44) [Clang 20.1.4 ]",2.9.1+cu128,1.0.6,auto,torch-choice,/home/tianyudu/Development/torch-choice/replication/paper_performance_benchmarks/runs/20260103_031639/synthetic_data,/home/tianyudu/Development/torch-choice/replication/paper_performance_benchmarks/runs/20260103_031639/benchmark_results,all,5,50000,0.03,-1,False,Adam,x86_64,16,NVIDIA GeForce RTX 3090,num_items_experiment_large
30000,56.027501344680786,(user_latents|item),3,121479.9140625,450,3461,"ChoiceDataset(num_items=450, num_users=500, num_sessions=30000, label=[], item_index=[30000], user_index=[30000], session_index=[30000], item_availability=[], user_latents=[500, 30], item_latents=[450, 30], device=cuda:0)","3.12.11 (main, Jul 23 2025, 00:34:44) [Clang 20.1.4 ]",2.9.1+cu128,1.0.6,auto,torch-choice,/home/tianyudu/Development/torch-choice/replication/paper_performance_benchmarks/runs/20260103_031639/synthetic_data,/home/tianyudu/Development/torch-choice/replication/paper_performance_benchmarks/runs/20260103_031639/benchmark_results,all,5,50000,0.03,-1,False,Adam,x86_64,16,NVIDIA GeForce RTX 3090,num_items_experiment_large
30000,54.34048247337341,(user_latents|item),3,125707.4921875,500,3181,"ChoiceDataset(num_items=500, num_users=500, num_sessions=30000, label=[], item_index=[30000], user_index=[30000], session_index=[30000], item_availability=[], user_latents=[500, 30], item_latents=[500, 30], device=cuda:0)","3.12.11 (main, Jul 23 2025, 00:34:44) [Clang 20.1.4 ]",2.9.1+cu128,1.0.6,auto,torch-choice,/home/tianyudu/Development/torch-choice/replication/paper_performance_benchmarks/runs/20260103_031639/synthetic_data,/home/tianyudu/Development/torch-choice/replication/paper_performance_benchmarks/runs/20260103_031639/benchmark_results,all,5,50000,0.03,-1,False,Adam,x86_64,16,NVIDIA GeForce RTX 3090,num_items_experiment_large
30000,7.746183633804321,(item_latents|constant),3,67464.203125,10,720,"ChoiceDataset(num_items=10, num_users=500, num_sessions=30000, label=[], item_index=[30000], user_index=[30000], session_index=[30000], item_availability=[], user_latents=[500, 30], item_latents=[10, 30], device=cuda:0)","3.12.11 (main, Jul 23 2025, 00:34:44) [Clang 20.1.4 ]",2.9.1+cu128,1.0.6,auto,torch-choice,/home/tianyudu/Development/torch-choice/replication/paper_performance_benchmarks/runs/20260103_031639/synthetic_data,/home/tianyudu/Development/torch-choice/replication/paper_performance_benchmarks/runs/20260103_031639/benchmark_results,all,5,50000,0.03,-1,False,Adam,x86_64,16,NVIDIA GeForce RTX 3090,num_items_experiment_large
30000,39.29783225059509,(item_latents|constant),3,40006.8046875,20,3674,"ChoiceDataset(num_items=20, num_users=500, num_sessions=30000, label=[], item_index=[30000], user_index=[30000], session_index=[30000], item_availability=[], user_latents=[500, 30], item_latents=[20, 30], device=cuda:0)","3.12.11 (main, Jul 23 2025, 00:34:44) [Clang 20.1.4 ]",2.9.1+cu128,1.0.6,auto,torch-choice,/home/tianyudu/Development/torch-choice/replication/paper_performance_benchmarks/runs/20260103_031639/synthetic_data,/home/tianyudu/Development/torch-choice/replication/paper_performance_benchmarks/runs/20260103_031639/benchmark_results,all,5,50000,0.03,-1,False,Adam,x86_64,16,NVIDIA GeForce RTX 3090,num_items_experiment_large
30000,69.37347602844238,(item_latents|constant),3,97188.1875,30,6455,"ChoiceDataset(num_items=30, num_users=500, num_sessions=30000, label=[], item_index=[30000], user_index=[30000], session_index=[30000], item_availability=[], user_latents=[500, 30], item_latents=[30, 30], device=cuda:0)","3.12.11 (main, Jul 23 2025, 00:34:44) [Clang 20.1.4 ]",2.9.1+cu128,1.0.6,auto,torch-choice,/home/tianyudu/Development/torch-choice/replication/paper_performance_benchmarks/runs/20260103_031639/synthetic_data,/home/tianyudu/Development/torch-choice/replication/paper_performance_benchmarks/runs/20260103_031639/benchmark_results,all,5,50000,0.03,-1,False,Adam,x86_64,16,NVIDIA GeForce RTX 3090,num_items_experiment_large
30000,30.02174401283264,(item_latents|constant),3,107417.359375,50,2794,"ChoiceDataset(num_items=50, num_users=500, num_sessions=30000, label=[], item_index=[30000], user_index=[30000], session_index=[30000], item_availability=[], user_latents=[500, 30], item_latents=[50, 30], device=cuda:0)","3.12.11 (main, Jul 23 2025, 00:34:44) [Clang 20.1.4 ]",2.9.1+cu128,1.0.6,auto,torch-choice,/home/tianyudu/Development/torch-choice/replication/paper_performance_benchmarks/runs/20260103_031639/synthetic_data,/home/tianyudu/Development/torch-choice/replication/paper_performance_benchmarks/runs/20260103_031639/benchmark_results,all,5,50000,0.03,-1,False,Adam,x86_64,16,NVIDIA GeForce RTX 3090,num_items_experiment_large
30000,15.680432081222534,(item_latents|constant),3,137248.59375,100,1398,"ChoiceDataset(num_items=100, num_users=500, num_sessions=30000, label=[], item_index=[30000], user_index=[30000], session_index=[30000], item_availability=[], user_latents=[500, 30], item_latents=[100, 30], device=cuda:0)","3.12.11 (main, Jul 23 2025, 00:34:44) [Clang 20.1.4 ]",2.9.1+cu128,1.0.6,auto,torch-choice,/home/tianyudu/Development/torch-choice/replication/paper_performance_benchmarks/runs/20260103_031639/synthetic_data,/home/tianyudu/Development/torch-choice/replication/paper_performance_benchmarks/runs/20260103_031639/benchmark_results,all,5,50000,0.03,-1,False,Adam,x86_64,16,NVIDIA GeForce RTX 3090,num_items_experiment_large
30000,22.966812133789062,(item_latents|constant),3,122095.25,150,1960,"ChoiceDataset(num_items=150, num_users=500, num_sessions=30000, label=[], item_index=[30000], user_index=[30000], session_index=[30000], item_availability=[], user_latents=[500, 30], item_latents=[150, 30], device=cuda:0)","3.12.11 (main, Jul 23 2025, 00:34:44) [Clang 20.1.4 ]",2.9.1+cu128,1.0.6,auto,torch-choice,/home/tianyudu/Development/torch-choice/replication/paper_performance_benchmarks/runs/20260103_031639/synthetic_data,/home/tianyudu/Development/torch-choice/replication/paper_performance_benchmarks/runs/20260103_031639/benchmark_results,all,5,50000,0.03,-1,False,Adam,x86_64,16,NVIDIA GeForce RTX 3090,num_items_experiment_large
30000,16.31666660308838,(item_latents|constant),3,151758.703125,200,1348,"ChoiceDataset(num_items=200, num_users=500, num_sessions=30000, label=[], item_index=[30000], user_index=[30000], session_index=[30000], item_availability=[], user_latents=[500, 30], item_latents=[200, 30], device=cuda:0)","3.12.11 (main, Jul 23 2025, 00:34:44) [Clang 20.1.4 ]",2.9.1+cu128,1.0.6,auto,torch-choice,/home/tianyudu/Development/torch-choice/replication/paper_performance_benchmarks/runs/20260103_031639/synthetic_data,/home/tianyudu/Development/torch-choice/replication/paper_performance_benchmarks/runs/20260103_031639/benchmark_results,all,5,50000,0.03,-1,False,Adam,x86_64,16,NVIDIA GeForce RTX 3090,num_items_experiment_large
30000,20.821946620941162,(item_latents|constant),3,150169.40625,250,1644,"ChoiceDataset(num_items=250, num_users=500, num_sessions=30000, label=[], item_index=[30000], user_index=[30000], session_index=[30000], item_availability=[], user_latents=[500, 30], item_latents=[250, 30], device=cuda:0)","3.12.11 (main, Jul 23 2025, 00:34:44) [Clang 20.1.4 ]",2.9.1+cu128,1.0.6,auto,torch-choice,/home/tianyudu/Development/torch-choice/replication/paper_performance_benchmarks/runs/20260103_031639/synthetic_data,/home/tianyudu/Development/torch-choice/replication/paper_performance_benchmarks/runs/20260103_031639/benchmark_results,all,5,50000,0.03,-1,False,Adam,x86_64,16,NVIDIA GeForce RTX 3090,num_items_experiment_large
30000,22.197916746139526,(item_latents|constant),3,148009.6875,300,1689,"ChoiceDataset(num_items=300, num_users=500, num_sessions=30000, label=[], item_index=[30000], user_index=[30000], session_index=[30000], item_availability=[], user_latents=[500, 30], item_latents=[300, 30], device=cuda:0)","3.12.11 (main, Jul 23 2025, 00:34:44) [Clang 20.1.4 ]",2.9.1+cu128,1.0.6,auto,torch-choice,/home/tianyudu/Development/torch-choice/replication/paper_performance_benchmarks/runs/20260103_031639/synthetic_data,/home/tianyudu/Development/torch-choice/replication/paper_performance_benchmarks/runs/20260103_031639/benchmark_results,all,5,50000,0.03,-1,False,Adam,x86_64,16,NVIDIA GeForce RTX 3090,num_items_experiment_large
30000,18.763161659240723,(item_latents|constant),3,153021.0625,350,1380,"ChoiceDataset(num_items=350, num_users=500, num_sessions=30000, label=[], item_index=[30000], user_index=[30000], session_index=[30000], item_availability=[], user_latents=[500, 30], item_latents=[350, 30], device=cuda:0)","3.12.11 (main, Jul 23 2025, 00:34:44) [Clang 20.1.4 ]",2.9.1+cu128,1.0.6,auto,torch-choice,/home/tianyudu/Development/torch-choice/replication/paper_performance_benchmarks/runs/20260103_031639/synthetic_data,/home/tianyudu/Development/torch-choice/replication/paper_performance_benchmarks/runs/20260103_031639/benchmark_results,all,5,50000,0.03,-1,False,Adam,x86_64,16,NVIDIA GeForce RTX 3090,num_items_experiment_large
30000,18.555522441864014,(item_latents|constant),3,161946.65625,400,1310,"ChoiceDataset(num_items=400, num_users=500, num_sessions=30000, label=[], item_index=[30000], user_index=[30000], session_index=[30000], item_availability=[], user_latents=[500, 30], item_latents=[400, 30], device=cuda:0)","3.12.11 (main, Jul 23 2025, 00:34:44) [Clang 20.1.4 ]",2.9.1+cu128,1.0.6,auto,torch-choice,/home/tianyudu/Development/torch-choice/replication/paper_performance_benchmarks/runs/20260103_031639/synthetic_data,/home/tianyudu/Development/torch-choice/replication/paper_performance_benchmarks/runs/20260103_031639/benchmark_results,all,5,50000,0.03,-1,False,Adam,x86_64,16,NVIDIA GeForce RTX 3090,num_items_experiment_large
30000,16.83364248275757,(item_latents|constant),3,166645.78125,450,1145,"ChoiceDataset(num_items=450, num_users=500, num_sessions=30000, label=[], item_index=[30000], user_index=[30000], session_index=[30000], item_availability=[], user_latents=[500, 30], item_latents=[450, 30], device=cuda:0)","3.12.11 (main, Jul 23 2025, 00:34:44) [Clang 20.1.4 ]",2.9.1+cu128,1.0.6,auto,torch-choice,/home/tianyudu/Development/torch-choice/replication/paper_performance_benchmarks/runs/20260103_031639/synthetic_data,/home/tianyudu/Development/torch-choice/replication/paper_performance_benchmarks/runs/20260103_031639/benchmark_results,all,5,50000,0.03,-1,False,Adam,x86_64,16,NVIDIA GeForce RTX 3090,num_items_experiment_large
30000,19.42226004600525,(item_latents|constant),3,170788.40625,500,1246,"ChoiceDataset(num_items=500, num_users=500, num_sessions=30000, label=[], item_index=[30000], user_index=[30000], session_index=[30000], item_availability=[], user_latents=[500, 30], item_latents=[500, 30], device=cuda:0)","3.12.11 (main, Jul 23 2025, 00:34:44) [Clang 20.1.4 ]",2.9.1+cu128,1.0.6,auto,torch-choice,/home/tianyudu/Development/torch-choice/replication/paper_performance_benchmarks/runs/20260103_031639/synthetic_data,/home/tianyudu/Development/torch-choice/replication/paper_performance_benchmarks/runs/20260103_031639/benchmark_results,all,5,50000,0.03,-1,False,Adam,x86_64,16,NVIDIA GeForce RTX 3090,num_items_experiment_large
30000,26.543945789337158,(user_latents|item) + (item_latents|constant),4,64824.171875,10,2448,"ChoiceDataset(num_items=10, num_users=500, num_sessions=30000, label=[], item_index=[30000], user_index=[30000], session_index=[30000], item_availability=[], user_latents=[500, 30], item_latents=[10, 30], device=cuda:0)","3.12.11 (main, Jul 23 2025, 00:34:44) [Clang 20.1.4 ]",2.9.1+cu128,1.0.6,auto,torch-choice,/home/tianyudu/Development/torch-choice/replication/paper_performance_benchmarks/runs/20260103_031639/synthetic_data,/home/tianyudu/Development/torch-choice/replication/paper_performance_benchmarks/runs/20260103_031639/benchmark_results,all,5,50000,0.03,-1,False,Adam,x86_64,16,NVIDIA GeForce RTX 3090,num_items_experiment_large
30000,39.125585317611694,(user_latents|item) + (item_latents|constant),4,29663.75,20,3568,"ChoiceDataset(num_items=20, num_users=500, num_sessions=30000, label=[], item_index=[30000], user_index=[30000], session_index=[30000], item_availability=[], user_latents=[500, 30], item_latents=[20, 30], device=cuda:0)","3.12.11 (main, Jul 23 2025, 00:34:44) [Clang 20.1.4 ]",2.9.1+cu128,1.0.6,auto,torch-choice,/home/tianyudu/Development/torch-choice/replication/paper_performance_benchmarks/runs/20260103_031639/synthetic_data,/home/tianyudu/Development/torch-choice/replication/paper_performance_benchmarks/runs/20260103_031639/benchmark_results,all,5,50000,0.03,-1,False,Adam,x86_64,16,NVIDIA GeForce RTX 3090,num_items_experiment_large
30000,23.444618225097656,(user_latents|item) + (item_latents|constant),4,92873.7421875,30,2094,"ChoiceDataset(num_items=30, num_users=500, num_sessions=30000, label=[], item_index=[30000], user_index=[30000], session_index=[30000], item_availability=[], user_latents=[500, 30], item_latents=[30, 30], device=cuda:0)","3.12.11 (main, Jul 23 2025, 00:34:44) [Clang 20.1.4 ]",2.9.1+cu128,1.0.6,auto,torch-choice,/home/tianyudu/Development/torch-choice/replication/paper_performance_benchmarks/runs/20260103_031639/synthetic_data,/home/tianyudu/Development/torch-choice/replication/paper_performance_benchmarks/runs/20260103_031639/benchmark_results,all,5,50000,0.03,-1,False,Adam,x86_64,16,NVIDIA GeForce RTX 3090,num_items_experiment_large
30000,27.018078088760376,(user_latents|item) + (item_latents|constant),4,90277.484375,50,2336,"ChoiceDataset(num_items=50, num_users=500, num_sessions=30000, label=[], item_index=[30000], user_index=[30000], session_index=[30000], item_availability=[], user_latents=[500, 30], item_latents=[50, 30], device=cuda:0)","3.12.11 (main, Jul 23 2025, 00:34:44) [Clang 20.1.4 ]",2.9.1+cu128,1.0.6,auto,torch-choice,/home/tianyudu/Development/torch-choice/replication/paper_performance_benchmarks/runs/20260103_031639/synthetic_data,/home/tianyudu/Development/torch-choice/replication/paper_performance_benchmarks/runs/20260103_031639/benchmark_results,all,5,50000,0.03,-1,False,Adam,x86_64,16,NVIDIA GeForce RTX 3090,num_items_experiment_large
30000,33.55227708816528,(user_latents|item) + (item_latents|constant),4,130876.296875,100,2653,"ChoiceDataset(num_items=100, num_users=500, num_sessions=30000, label=[], item_index=[30000], user_index=[30000], session_index=[30000], item_availability=[], user_latents=[500, 30], item_latents=[100, 30], device=cuda:0)","3.12.11 (main, Jul 23 2025, 00:34:44) [Clang 20.1.4 ]",2.9.1+cu128,1.0.6,auto,torch-choice,/home/tianyudu/Development/torch-choice/replication/paper_performance_benchmarks/runs/20260103_031639/synthetic_data,/home/tianyudu/Development/torch-choice/replication/paper_performance_benchmarks/runs/20260103_031639/benchmark_results,all,5,50000,0.03,-1,False,Adam,x86_64,16,NVIDIA GeForce RTX 3090,num_items_experiment_large
30000,43.67139554023743,(user_latents|item) + (item_latents|constant),4,89797.40625,150,3208,"ChoiceDataset(num_items=150, num_users=500, num_sessions=30000, label=[], item_index=[30000], user_index=[30000], session_index=[30000], item_availability=[], user_latents=[500, 30], item_latents=[150, 30], device=cuda:0)","3.12.11 (main, Jul 23 2025, 00:34:44) [Clang 20.1.4 ]",2.9.1+cu128,1.0.6,auto,torch-choice,/home/tianyudu/Development/torch-choice/replication/paper_performance_benchmarks/runs/20260103_031639/synthetic_data,/home/tianyudu/Development/torch-choice/replication/paper_performance_benchmarks/runs/20260103_031639/benchmark_results,all,5,50000,0.03,-1,False,Adam,x86_64,16,NVIDIA GeForce RTX 3090,num_items_experiment_large
30000,32.65018630027771,(user_latents|item) + (item_latents|constant),4,127297.203125,200,2210,"ChoiceDataset(num_items=200, num_users=500, num_sessions=30000, label=[], item_index=[30000], user_index=[30000], session_index=[30000], item_availability=[], user_latents=[500, 30], item_latents=[200, 30], device=cuda:0)","3.12.11 (main, Jul 23 2025, 00:34:44) [Clang 20.1.4 ]",2.9.1+cu128,1.0.6,auto,torch-choice,/home/tianyudu/Development/torch-choice/replication/paper_performance_benchmarks/runs/20260103_031639/synthetic_data,/home/tianyudu/Development/torch-choice/replication/paper_performance_benchmarks/runs/20260103_031639/benchmark_results,all,5,50000,0.03,-1,False,Adam,x86_64,16,NVIDIA GeForce RTX 3090,num_items_experiment_large
30000,46.78686475753784,(user_latents|item) + (item_latents|constant),4,112023.3984375,250,2873,"ChoiceDataset(num_items=250, num_users=500, num_sessions=30000, label=[], item_index=[30000], user_index=[30000], session_index=[30000], item_availability=[], user_latents=[500, 30], item_latents=[250, 30], device=cuda:0)","3.12.11 (main, Jul 23 2025, 00:34:44) [Clang 20.1.4 ]",2.9.1+cu128,1.0.6,auto,torch-choice,/home/tianyudu/Development/torch-choice/replication/paper_performance_benchmarks/runs/20260103_031639/synthetic_data,/home/tianyudu/Development/torch-choice/replication/paper_performance_benchmarks/runs/20260103_031639/benchmark_results,all,5,50000,0.03,-1,False,Adam,x86_64,16,NVIDIA GeForce RTX 3090,num_items_experiment_large
30000,39.797141313552856,(user_latents|item) + (item_latents|constant),4,110782.6328125,300,2167,"ChoiceDataset(num_items=300, num_users=500, num_sessions=30000, label=[], item_index=[30000], user_index=[30000], session_index=[30000], item_availability=[], user_latents=[500, 30], item_latents=[300, 30], device=cuda:0)","3.12.11 (main, Jul 23 2025, 00:34:44) [Clang 20.1.4 ]",2.9.1+cu128,1.0.6,auto,torch-choice,/home/tianyudu/Development/torch-choice/replication/paper_performance_benchmarks/runs/20260103_031639/synthetic_data,/home/tianyudu/Development/torch-choice/replication/paper_performance_benchmarks/runs/20260103_031639/benchmark_results,all,5,50000,0.03,-1,False,Adam,x86_64,16,NVIDIA GeForce RTX 3090,num_items_experiment_large
30000,54.60550355911255,(user_latents|item) + (item_latents|constant),4,114160.8203125,350,2633,"ChoiceDataset(num_items=350, num_users=500, num_sessions=30000, label=[], item_index=[30000], user_index=[30000], session_index=[30000], item_availability=[], user_latents=[500, 30], item_latents=[350, 30], device=cuda:0)","3.12.11 (main, Jul 23 2025, 00:34:44) [Clang 20.1.4 ]",2.9.1+cu128,1.0.6,auto,torch-choice,/home/tianyudu/Development/torch-choice/replication/paper_performance_benchmarks/runs/20260103_031639/synthetic_data,/home/tianyudu/Development/torch-choice/replication/paper_performance_benchmarks/runs/20260103_031639/benchmark_results,all,5,50000,0.03,-1,False,Adam,x86_64,16,NVIDIA GeForce RTX 3090,num_items_experiment_large
30000,57.46923851966858,(user_latents|item) + (item_latents|constant),4,115327.328125,400,2519,"ChoiceDataset(num_items=400, num_users=500, num_sessions=30000, label=[], item_index=[30000], user_index=[30000], session_index=[30000], item_availability=[], user_latents=[500, 30], item_latents=[400, 30], device=cuda:0)","3.12.11 (main, Jul 23 2025, 00:34:44) [Clang 20.1.4 ]",2.9.1+cu128,1.0.6,auto,torch-choice,/home/tianyudu/Development/torch-choice/replication/paper_performance_benchmarks/runs/20260103_031639/synthetic_data,/home/tianyudu/Development/torch-choice/replication/paper_performance_benchmarks/runs/20260103_031639/benchmark_results,all,5,50000,0.03,-1,False,Adam,x86_64,16,NVIDIA GeForce RTX 3090,num_items_experiment_large
30000,68.40469455718994,(user_latents|item) + (item_latents|constant),4,121521.703125,450,2677,"ChoiceDataset(num_items=450, num_users=500, num_sessions=30000, label=[], item_index=[30000], user_index=[30000], session_index=[30000], item_availability=[], user_latents=[500, 30], item_latents=[450, 30], device=cuda:0)","3.12.11 (main, Jul 23 2025, 00:34:44) [Clang 20.1.4 ]",2.9.1+cu128,1.0.6,auto,torch-choice,/home/tianyudu/Development/torch-choice/replication/paper_performance_benchmarks/runs/20260103_031639/synthetic_data,/home/tianyudu/Development/torch-choice/replication/paper_performance_benchmarks/runs/20260103_031639/benchmark_results,all,5,50000,0.03,-1,False,Adam,x86_64,16,NVIDIA GeForce RTX 3090,num_items_experiment_large
30000,89.30710411071777,(user_latents|item) + (item_latents|constant),4,125827.75,500,3123,"ChoiceDataset(num_items=500, num_users=500, num_sessions=30000, label=[], item_index=[30000], user_index=[30000], session_index=[30000], item_availability=[], user_latents=[500, 30], item_latents=[500, 30], device=cuda:0)","3.12.11 (main, Jul 23 2025, 00:34:44) [Clang 20.1.4 ]",2.9.1+cu128,1.0.6,auto,torch-choice,/home/tianyudu/Development/torch-choice/replication/paper_performance_benchmarks/runs/20260103_031639/synthetic_data,/home/tianyudu/Development/torch-choice/replication/paper_performance_benchmarks/runs/20260103_031639/benchmark_results,all,5,50000,0.03,-1,False,Adam,x86_64,16,NVIDIA GeForce RTX 3090,num_items_experiment_large
30000,24.510964393615723,(user_latents|item),4,64824.69140625,10,2284,"ChoiceDataset(num_items=10, num_users=500, num_sessions=30000, label=[], item_index=[30000], user_index=[30000], session_index=[30000], item_availability=[], user_latents=[500, 30], item_latents=[10, 30], device=cuda:0)","3.12.11 (main, Jul 23 2025, 00:34:44) [Clang 20.1.4 ]",2.9.1+cu128,1.0.6,auto,torch-choice,/home/tianyudu/Development/torch-choice/replication/paper_performance_benchmarks/runs/20260103_031639/synthetic_data,/home/tianyudu/Development/torch-choice/replication/paper_performance_benchmarks/runs/20260103_031639/benchmark_results,all,5,50000,0.03,-1,False,Adam,x86_64,16,NVIDIA GeForce RTX 3090,num_items_experiment_large
30000,39.16280221939087,(user_latents|item),4,29669.15625,20,3549,"ChoiceDataset(num_items=20, num_users=500, num_sessions=30000, label=[], item_index=[30000], user_index=[30000], session_index=[30000], item_availability=[], user_latents=[500, 30], item_latents=[20, 30], device=cuda:0)","3.12.11 (main, Jul 23 2025, 00:34:44) [Clang 20.1.4 ]",2.9.1+cu128,1.0.6,auto,torch-choice,/home/tianyudu/Development/torch-choice/replication/paper_performance_benchmarks/runs/20260103_031639/synthetic_data,/home/tianyudu/Development/torch-choice/replication/paper_performance_benchmarks/runs/20260103_031639/benchmark_results,all,5,50000,0.03,-1,False,Adam,x86_64,16,NVIDIA GeForce RTX 3090,num_items_experiment_large
30000,28.51095986366272,(user_latents|item),4,92855.5703125,30,2620,"ChoiceDataset(num_items=30, num_users=500, num_sessions=30000, label=[], item_index=[30000], user_index=[30000], session_index=[30000], item_availability=[], user_latents=[500, 30], item_latents=[30, 30], device=cuda:0)","3.12.11 (main, Jul 23 2025, 00:34:44) [Clang 20.1.4 ]",2.9.1+cu128,1.0.6,auto,torch-choice,/home/tianyudu/Development/torch-choice/replication/paper_performance_benchmarks/runs/20260103_031639/synthetic_data,/home/tianyudu/Development/torch-choice/replication/paper_performance_benchmarks/runs/20260103_031639/benchmark_results,all,5,50000,0.03,-1,False,Adam,x86_64,16,NVIDIA GeForce RTX 3090,num_items_experiment_large
30000,35.82300162315369,(user_latents|item),4,90241.65625,50,3228,"ChoiceDataset(num_items=50, num_users=500, num_sessions=30000, label=[], item_index=[30000], user_index=[30000], session_index=[30000], item_availability=[], user_latents=[500, 30], item_latents=[50, 30], device=cuda:0)","3.12.11 (main, Jul 23 2025, 00:34:44) [Clang 20.1.4 ]",2.9.1+cu128,1.0.6,auto,torch-choice,/home/tianyudu/Development/torch-choice/replication/paper_performance_benchmarks/runs/20260103_031639/synthetic_data,/home/tianyudu/Development/torch-choice/replication/paper_performance_benchmarks/runs/20260103_031639/benchmark_results,all,5,50000,0.03,-1,False,Adam,x86_64,16,NVIDIA GeForce RTX 3090,num_items_experiment_large
30000,41.124839305877686,(user_latents|item),4,130808.46875,100,3538,"ChoiceDataset(num_items=100, num_users=500, num_sessions=30000, label=[], item_index=[30000], user_index=[30000], session_index=[30000], item_availability=[], user_latents=[500, 30], item_latents=[100, 30], device=cuda:0)","3.12.11 (main, Jul 23 2025, 00:34:44) [Clang 20.1.4 ]",2.9.1+cu128,1.0.6,auto,torch-choice,/home/tianyudu/Development/torch-choice/replication/paper_performance_benchmarks/runs/20260103_031639/synthetic_data,/home/tianyudu/Development/torch-choice/replication/paper_performance_benchmarks/runs/20260103_031639/benchmark_results,all,5,50000,0.03,-1,False,Adam,x86_64,16,NVIDIA GeForce RTX 3090,num_items_experiment_large
30000,35.58479905128479,(user_latents|item),4,89797.5234375,150,2929,"ChoiceDataset(num_items=150, num_users=500, num_sessions=30000, label=[], item_index=[30000], user_index=[30000], session_index=[30000], item_availability=[], user_latents=[500, 30], item_latents=[150, 30], device=cuda:0)","3.12.11 (main, Jul 23 2025, 00:34:44) [Clang 20.1.4 ]",2.9.1+cu128,1.0.6,auto,torch-choice,/home/tianyudu/Development/torch-choice/replication/paper_performance_benchmarks/runs/20260103_031639/synthetic_data,/home/tianyudu/Development/torch-choice/replication/paper_performance_benchmarks/runs/20260103_031639/benchmark_results,all,5,50000,0.03,-1,False,Adam,x86_64,16,NVIDIA GeForce RTX 3090,num_items_experiment_large
30000,43.01301026344299,(user_latents|item),4,127267.0625,200,3345,"ChoiceDataset(num_items=200, num_users=500, num_sessions=30000, label=[], item_index=[30000], user_index=[30000], session_index=[30000], item_availability=[], user_latents=[500, 30], item_latents=[200, 30], device=cuda:0)","3.12.11 (main, Jul 23 2025, 00:34:44) [Clang 20.1.4 ]",2.9.1+cu128,1.0.6,auto,torch-choice,/home/tianyudu/Development/torch-choice/replication/paper_performance_benchmarks/runs/20260103_031639/synthetic_data,/home/tianyudu/Development/torch-choice/replication/paper_performance_benchmarks/runs/20260103_031639/benchmark_results,all,5,50000,0.03,-1,False,Adam,x86_64,16,NVIDIA GeForce RTX 3090,num_items_experiment_large
30000,42.80452609062195,(user_latents|item),4,111976.453125,250,3228,"ChoiceDataset(num_items=250, num_users=500, num_sessions=30000, label=[], item_index=[30000], user_index=[30000], session_index=[30000], item_availability=[], user_latents=[500, 30], item_latents=[250, 30], device=cuda:0)","3.12.11 (main, Jul 23 2025, 00:34:44) [Clang 20.1.4 ]",2.9.1+cu128,1.0.6,auto,torch-choice,/home/tianyudu/Development/torch-choice/replication/paper_performance_benchmarks/runs/20260103_031639/synthetic_data,/home/tianyudu/Development/torch-choice/replication/paper_performance_benchmarks/runs/20260103_031639/benchmark_results,all,5,50000,0.03,-1,False,Adam,x86_64,16,NVIDIA GeForce RTX 3090,num_items_experiment_large
30000,40.80397152900696,(user_latents|item),4,110704.53125,300,2908,"ChoiceDataset(num_items=300, num_users=500, num_sessions=30000, label=[], item_index=[30000], user_index=[30000], session_index=[30000], item_availability=[], user_latents=[500, 30], item_latents=[300, 30], device=cuda:0)","3.12.11 (main, Jul 23 2025, 00:34:44) [Clang 20.1.4 ]",2.9.1+cu128,1.0.6,auto,torch-choice,/home/tianyudu/Development/torch-choice/replication/paper_performance_benchmarks/runs/20260103_031639/synthetic_data,/home/tianyudu/Development/torch-choice/replication/paper_performance_benchmarks/runs/20260103_031639/benchmark_results,all,5,50000,0.03,-1,False,Adam,x86_64,16,NVIDIA GeForce RTX 3090,num_items_experiment_large
30000,49.17137312889099,(user_latents|item),4,114127.671875,350,3346,"ChoiceDataset(num_items=350, num_users=500, num_sessions=30000, label=[], item_index=[30000], user_index=[30000], session_index=[30000], item_availability=[], user_latents=[500, 30], item_latents=[350, 30], device=cuda:0)","3.12.11 (main, Jul 23 2025, 00:34:44) [Clang 20.1.4 ]",2.9.1+cu128,1.0.6,auto,torch-choice,/home/tianyudu/Development/torch-choice/replication/paper_performance_benchmarks/runs/20260103_031639/synthetic_data,/home/tianyudu/Development/torch-choice/replication/paper_performance_benchmarks/runs/20260103_031639/benchmark_results,all,5,50000,0.03,-1,False,Adam,x86_64,16,NVIDIA GeForce RTX 3090,num_items_experiment_large
30000,43.017478227615356,(user_latents|item),4,115338.6171875,400,2793,"ChoiceDataset(num_items=400, num_users=500, num_sessions=30000, label=[], item_index=[30000], user_index=[30000], session_index=[30000], item_availability=[], user_latents=[500, 30], item_latents=[400, 30], device=cuda:0)","3.12.11 (main, Jul 23 2025, 00:34:44) [Clang 20.1.4 ]",2.9.1+cu128,1.0.6,auto,torch-choice,/home/tianyudu/Development/torch-choice/replication/paper_performance_benchmarks/runs/20260103_031639/synthetic_data,/home/tianyudu/Development/torch-choice/replication/paper_performance_benchmarks/runs/20260103_031639/benchmark_results,all,5,50000,0.03,-1,False,Adam,x86_64,16,NVIDIA GeForce RTX 3090,num_items_experiment_large
30000,52.83647441864014,(user_latents|item),4,121475.8125,450,3250,"ChoiceDataset(num_items=450, num_users=500, num_sessions=30000, label=[], item_index=[30000], user_index=[30000], session_index=[30000], item_availability=[], user_latents=[500, 30], item_latents=[450, 30], device=cuda:0)","3.12.11 (main, Jul 23 2025, 00:34:44) [Clang 20.1.4 ]",2.9.1+cu128,1.0.6,auto,torch-choice,/home/tianyudu/Development/torch-choice/replication/paper_performance_benchmarks/runs/20260103_031639/synthetic_data,/home/tianyudu/Development/torch-choice/replication/paper_performance_benchmarks/runs/20260103_031639/benchmark_results,all,5,50000,0.03,-1,False,Adam,x86_64,16,NVIDIA GeForce RTX 3090,num_items_experiment_large
30000,53.23896360397339,(user_latents|item),4,125707.953125,500,3114,"ChoiceDataset(num_items=500, num_users=500, num_sessions=30000, label=[], item_index=[30000], user_index=[30000], session_index=[30000], item_availability=[], user_latents=[500, 30], item_latents=[500, 30], device=cuda:0)","3.12.11 (main, Jul 23 2025, 00:34:44) [Clang 20.1.4 ]",2.9.1+cu128,1.0.6,auto,torch-choice,/home/tianyudu/Development/torch-choice/replication/paper_performance_benchmarks/runs/20260103_031639/synthetic_data,/home/tianyudu/Development/torch-choice/replication/paper_performance_benchmarks/runs/20260103_031639/benchmark_results,all,5,50000,0.03,-1,False,Adam,x86_64,16,NVIDIA GeForce RTX 3090,num_items_experiment_large
30000,8.224873781204224,(item_latents|constant),4,67464.1875,10,764,"ChoiceDataset(num_items=10, num_users=500, num_sessions=30000, label=[], item_index=[30000], user_index=[30000], session_index=[30000], item_availability=[], user_latents=[500, 30], item_latents=[10, 30], device=cuda:0)","3.12.11 (main, Jul 23 2025, 00:34:44) [Clang 20.1.4 ]",2.9.1+cu128,1.0.6,auto,torch-choice,/home/tianyudu/Development/torch-choice/replication/paper_performance_benchmarks/runs/20260103_031639/synthetic_data,/home/tianyudu/Development/torch-choice/replication/paper_performance_benchmarks/runs/20260103_031639/benchmark_results,all,5,50000,0.03,-1,False,Adam,x86_64,16,NVIDIA GeForce RTX 3090,num_items_experiment_large
30000,42.599586963653564,(item_latents|constant),4,40006.8046875,20,3938,"ChoiceDataset(num_items=20, num_users=500, num_sessions=30000, label=[], item_index=[30000], user_index=[30000], session_index=[30000], item_availability=[], user_latents=[500, 30], item_latents=[20, 30], device=cuda:0)","3.12.11 (main, Jul 23 2025, 00:34:44) [Clang 20.1.4 ]",2.9.1+cu128,1.0.6,auto,torch-choice,/home/tianyudu/Development/torch-choice/replication/paper_performance_benchmarks/runs/20260103_031639/synthetic_data,/home/tianyudu/Development/torch-choice/replication/paper_performance_benchmarks/runs/20260103_031639/benchmark_results,all,5,50000,0.03,-1,False,Adam,x86_64,16,NVIDIA GeForce RTX 3090,num_items_experiment_large
30000,55.27726697921753,(item_latents|constant),4,97177.375,30,5123,"ChoiceDataset(num_items=30, num_users=500, num_sessions=30000, label=[], item_index=[30000], user_index=[30000], session_index=[30000], item_availability=[], user_latents=[500, 30], item_latents=[30, 30], device=cuda:0)","3.12.11 (main, Jul 23 2025, 00:34:44) [Clang 20.1.4 ]",2.9.1+cu128,1.0.6,auto,torch-choice,/home/tianyudu/Development/torch-choice/replication/paper_performance_benchmarks/runs/20260103_031639/synthetic_data,/home/tianyudu/Development/torch-choice/replication/paper_performance_benchmarks/runs/20260103_031639/benchmark_results,all,5,50000,0.03,-1,False,Adam,x86_64,16,NVIDIA GeForce RTX 3090,num_items_experiment_large
30000,25.101673126220703,(item_latents|constant),4,107417.359375,50,2298,"ChoiceDataset(num_items=50, num_users=500, num_sessions=30000, label=[], item_index=[30000], user_index=[30000], session_index=[30000], item_availability=[], user_latents=[500, 30], item_latents=[50, 30], device=cuda:0)","3.12.11 (main, Jul 23 2025, 00:34:44) [Clang 20.1.4 ]",2.9.1+cu128,1.0.6,auto,torch-choice,/home/tianyudu/Development/torch-choice/replication/paper_performance_benchmarks/runs/20260103_031639/synthetic_data,/home/tianyudu/Development/torch-choice/replication/paper_performance_benchmarks/runs/20260103_031639/benchmark_results,all,5,50000,0.03,-1,False,Adam,x86_64,16,NVIDIA GeForce RTX 3090,num_items_experiment_large
30000,20.443753719329834,(item_latents|constant),4,137248.625,100,1795,"ChoiceDataset(num_items=100, num_users=500, num_sessions=30000, label=[], item_index=[30000], user_index=[30000], session_index=[30000], item_availability=[], user_latents=[500, 30], item_latents=[100, 30], device=cuda:0)","3.12.11 (main, Jul 23 2025, 00:34:44) [Clang 20.1.4 ]",2.9.1+cu128,1.0.6,auto,torch-choice,/home/tianyudu/Development/torch-choice/replication/paper_performance_benchmarks/runs/20260103_031639/synthetic_data,/home/tianyudu/Development/torch-choice/replication/paper_performance_benchmarks/runs/20260103_031639/benchmark_results,all,5,50000,0.03,-1,False,Adam,x86_64,16,NVIDIA GeForce RTX 3090,num_items_experiment_large
30000,24.90186333656311,(item_latents|constant),4,122095.2578125,150,2117,"ChoiceDataset(num_items=150, num_users=500, num_sessions=30000, label=[], item_index=[30000], user_index=[30000], session_index=[30000], item_availability=[], user_latents=[500, 30], item_latents=[150, 30], device=cuda:0)","3.12.11 (main, Jul 23 2025, 00:34:44) [Clang 20.1.4 ]",2.9.1+cu128,1.0.6,auto,torch-choice,/home/tianyudu/Development/torch-choice/replication/paper_performance_benchmarks/runs/20260103_031639/synthetic_data,/home/tianyudu/Development/torch-choice/replication/paper_performance_benchmarks/runs/20260103_031639/benchmark_results,all,5,50000,0.03,-1,False,Adam,x86_64,16,NVIDIA GeForce RTX 3090,num_items_experiment_large
30000,15.659753799438477,(item_latents|constant),4,151758.71875,200,1272,"ChoiceDataset(num_items=200, num_users=500, num_sessions=30000, label=[], item_index=[30000], user_index=[30000], session_index=[30000], item_availability=[], user_latents=[500, 30], item_latents=[200, 30], device=cuda:0)","3.12.11 (main, Jul 23 2025, 00:34:44) [Clang 20.1.4 ]",2.9.1+cu128,1.0.6,auto,torch-choice,/home/tianyudu/Development/torch-choice/replication/paper_performance_benchmarks/runs/20260103_031639/synthetic_data,/home/tianyudu/Development/torch-choice/replication/paper_performance_benchmarks/runs/20260103_031639/benchmark_results,all,5,50000,0.03,-1,False,Adam,x86_64,16,NVIDIA GeForce RTX 3090,num_items_experiment_large
30000,11.86336636543274,(item_latents|constant),4,150169.40625,250,907,"ChoiceDataset(num_items=250, num_users=500, num_sessions=30000, label=[], item_index=[30000], user_index=[30000], session_index=[30000], item_availability=[], user_latents=[500, 30], item_latents=[250, 30], device=cuda:0)","3.12.11 (main, Jul 23 2025, 00:34:44) [Clang 20.1.4 ]",2.9.1+cu128,1.0.6,auto,torch-choice,/home/tianyudu/Development/torch-choice/replication/paper_performance_benchmarks/runs/20260103_031639/synthetic_data,/home/tianyudu/Development/torch-choice/replication/paper_performance_benchmarks/runs/20260103_031639/benchmark_results,all,5,50000,0.03,-1,False,Adam,x86_64,16,NVIDIA GeForce RTX 3090,num_items_experiment_large
30000,18.12151789665222,(item_latents|constant),4,148009.6875,300,1382,"ChoiceDataset(num_items=300, num_users=500, num_sessions=30000, label=[], item_index=[30000], user_index=[30000], session_index=[30000], item_availability=[], user_latents=[500, 30], item_latents=[300, 30], device=cuda:0)","3.12.11 (main, Jul 23 2025, 00:34:44) [Clang 20.1.4 ]",2.9.1+cu128,1.0.6,auto,torch-choice,/home/tianyudu/Development/torch-choice/replication/paper_performance_benchmarks/runs/20260103_031639/synthetic_data,/home/tianyudu/Development/torch-choice/replication/paper_performance_benchmarks/runs/20260103_031639/benchmark_results,all,5,50000,0.03,-1,False,Adam,x86_64,16,NVIDIA GeForce RTX 3090,num_items_experiment_large
30000,18.635605812072754,(item_latents|constant),4,153021.0625,350,1359,"ChoiceDataset(num_items=350, num_users=500, num_sessions=30000, label=[], item_index=[30000], user_index=[30000], session_index=[30000], item_availability=[], user_latents=[500, 30], item_latents=[350, 30], device=cuda:0)","3.12.11 (main, Jul 23 2025, 00:34:44) [Clang 20.1.4 ]",2.9.1+cu128,1.0.6,auto,torch-choice,/home/tianyudu/Development/torch-choice/replication/paper_performance_benchmarks/runs/20260103_031639/synthetic_data,/home/tianyudu/Development/torch-choice/replication/paper_performance_benchmarks/runs/20260103_031639/benchmark_results,all,5,50000,0.03,-1,False,Adam,x86_64,16,NVIDIA GeForce RTX 3090,num_items_experiment_large
30000,17.50618076324463,(item_latents|constant),4,161946.65625,400,1241,"ChoiceDataset(num_items=400, num_users=500, num_sessions=30000, label=[], item_index=[30000], user_index=[30000], session_index=[30000], item_availability=[], user_latents=[500, 30], item_latents=[400, 30], device=cuda:0)","3.12.11 (main, Jul 23 2025, 00:34:44) [Clang 20.1.4 ]",2.9.1+cu128,1.0.6,auto,torch-choice,/home/tianyudu/Development/torch-choice/replication/paper_performance_benchmarks/runs/20260103_031639/synthetic_data,/home/tianyudu/Development/torch-choice/replication/paper_performance_benchmarks/runs/20260103_031639/benchmark_results,all,5,50000,0.03,-1,False,Adam,x86_64,16,NVIDIA GeForce RTX 3090,num_items_experiment_large
30000,21.286383628845215,(item_latents|constant),4,166645.78125,450,1438,"ChoiceDataset(num_items=450, num_users=500, num_sessions=30000, label=[], item_index=[30000], user_index=[30000], session_index=[30000], item_availability=[], user_latents=[500, 30], item_latents=[450, 30], device=cuda:0)","3.12.11 (main, Jul 23 2025, 00:34:44) [Clang 20.1.4 ]",2.9.1+cu128,1.0.6,auto,torch-choice,/home/tianyudu/Development/torch-choice/replication/paper_performance_benchmarks/runs/20260103_031639/synthetic_data,/home/tianyudu/Development/torch-choice/replication/paper_performance_benchmarks/runs/20260103_031639/benchmark_results,all,5,50000,0.03,-1,False,Adam,x86_64,16,NVIDIA GeForce RTX 3090,num_items_experiment_large
30000,18.72907781600952,(item_latents|constant),4,170788.40625,500,1203,"ChoiceDataset(num_items=500, num_users=500, num_sessions=30000, label=[], item_index=[30000], user_index=[30000], session_index=[30000], item_availability=[], user_latents=[500, 30], item_latents=[500, 30], device=cuda:0)","3.12.11 (main, Jul 23 2025, 00:34:44) [Clang 20.1.4 ]",2.9.1+cu128,1.0.6,auto,torch-choice,/home/tianyudu/Development/torch-choice/replication/paper_performance_benchmarks/runs/20260103_031639/synthetic_data,/home/tianyudu/Development/torch-choice/replication/paper_performance_benchmarks/runs/20260103_031639/benchmark_results,all,5,50000,0.03,-1,False,Adam,x86_64,16,NVIDIA GeForce RTX 3090,num_items_experiment_large
